timestamp,open,high,low,close,volume
2025-08-29 08:00:00+00:00,647.89,648.48,647.79,647.84,3341.0
2025-08-29 08:01:00+00:00,647.98,648.01,647.98,648.01,651.0
2025-08-29 08:02:00+00:00,648.0,648.02,647.99,648.02,1389.0
2025-08-29 08:03:00+00:00,647.93,647.93,647.93,647.93,323.0
2025-08-29 08:04:00+00:00,647.86,647.87,647.72,647.72,2481.0
2025-08-29 08:05:00+00:00,647.7,647.7,647.67,647.67,927.0
2025-08-29 08:06:00+00:00,647.64,647.65,647.64,647.65,452.0
2025-08-29 08:07:00+00:00,647.7,647.7,647.7,647.7,662.0
2025-08-29 08:08:00+00:00,647.7,647.7,647.62,647.62,650.0
2025-08-29 08:09:00+00:00,647.6,647.6,647.6,647.6,1307.0
2025-08-29 08:10:00+00:00,647.61,647.61,647.58,647.58,743.0
2025-08-29 08:11:00+00:00,647.52,647.52,647.5,647.5,1419.0
2025-08-29 08:12:00+00:00,647.5,647.5,647.5,647.5,2332.0
2025-08-29 08:13:00+00:00,647.48,647.48,647.43,647.43,1185.0
2025-08-29 08:14:00+00:00,647.37,647.37,647.37,647.37,388.0
2025-08-29 08:15:00+00:00,647.33,647.33,647.33,647.33,574.0
2025-08-29 08:16:00+00:00,647.31,647.31,647.31,647.31,502.0
2025-08-29 08:17:00+00:00,647.44,647.48,647.44,647.47,2355.0
2025-08-29 08:18:00+00:00,647.53,647.53,647.5,647.5,445.0
2025-08-29 08:19:00+00:00,647.45,647.45,647.45,647.45,312.0
2025-08-29 08:20:00+00:00,647.34,647.44,647.34,647.44,726.0
2025-08-29 08:21:00+00:00,647.48,647.5,647.48,647.5,761.0
2025-08-29 08:23:00+00:00,647.52,647.52,647.52,647.52,283.0
2025-08-29 08:26:00+00:00,647.51,647.51,647.51,647.51,269.0
2025-08-29 08:27:00+00:00,647.5,647.5,647.46,647.46,465.0
2025-08-29 08:28:00+00:00,647.53,647.53,647.53,647.53,500.0
2025-08-29 08:29:00+00:00,647.55,647.55,647.55,647.55,255.0
2025-08-29 08:31:00+00:00,647.52,647.52,647.51,647.51,237.0
2025-08-29 08:33:00+00:00,647.64,647.64,647.64,647.64,143.0
2025-08-29 08:35:00+00:00,647.6,647.6,647.6,647.6,305.0
2025-08-29 08:37:00+00:00,647.6,647.6,647.52,647.57,1146.0
2025-08-29 08:39:00+00:00,647.54,647.54,647.54,647.54,598.0
2025-08-29 08:40:00+00:00,647.44,647.44,647.44,647.44,232.0
2025-08-29 08:43:00+00:00,647.5,647.52,647.5,647.52,407.0
2025-08-29 08:47:00+00:00,647.35,647.35,647.35,647.35,106.0
2025-08-29 08:50:00+00:00,647.39,647.39,647.39,647.39,553.0
2025-08-29 08:51:00+00:00,647.38,647.38,647.15,647.15,6477.0
2025-08-29 08:52:00+00:00,647.13,647.16,647.08,647.08,2247.0
2025-08-29 08:54:00+00:00,647.1,647.14,647.0,647.13,3132.0
2025-08-29 08:55:00+00:00,647.14,647.14,647.14,647.14,606.0
2025-08-29 08:56:00+00:00,647.01,647.01,646.95,647.01,6195.0
2025-08-29 08:57:00+00:00,646.9,646.97,646.9,646.97,1737.0
2025-08-29 08:58:00+00:00,646.93,646.93,646.88,646.88,1099.0
2025-08-29 08:59:00+00:00,646.86,646.86,646.86,646.86,475.0
2025-08-29 09:00:00+00:00,646.97,646.98,646.83,646.84,1198.0
2025-08-29 09:01:00+00:00,646.81,646.81,646.8,646.8,2090.0
2025-08-29 09:02:00+00:00,646.71,646.71,646.52,646.52,3017.0
2025-08-29 09:04:00+00:00,646.84,646.84,646.84,646.84,289.0
2025-08-29 09:05:00+00:00,646.83,646.83,646.83,646.83,591.0
2025-08-29 09:06:00+00:00,646.87,646.88,646.87,646.88,643.0
2025-08-29 09:07:00+00:00,646.87,646.87,646.86,646.86,712.0
2025-08-29 09:08:00+00:00,646.79,646.79,646.75,646.75,901.0
2025-08-29 09:09:00+00:00,646.96,646.96,646.96,646.96,243.0
2025-08-29 09:10:00+00:00,646.88,646.91,646.86,646.91,2637.0
2025-08-29 09:11:00+00:00,646.93,647.0,646.93,647.0,1312.0
2025-08-29 09:15:00+00:00,647.14,647.14,647.08,647.08,686.0
2025-08-29 09:16:00+00:00,647.08,647.13,647.08,647.12,2826.0
2025-08-29 09:18:00+00:00,647.08,647.08,647.05,647.05,1407.0
2025-08-29 09:23:00+00:00,647.17,647.18,647.16,647.18,1078.0
2025-08-29 09:25:00+00:00,647.19,647.19,647.19,647.19,313.0
2025-08-29 09:26:00+00:00,647.19,647.19,647.15,647.15,670.0
2025-08-29 09:27:00+00:00,647.13,647.13,647.13,647.13,103.0
2025-08-29 09:30:00+00:00,647.21,647.21,647.21,647.21,224.0
2025-08-29 09:32:00+00:00,647.21,647.22,647.21,647.22,1039.0
2025-08-29 09:33:00+00:00,647.24,647.24,647.24,647.24,245.0
2025-08-29 09:34:00+00:00,647.14,647.22,647.14,647.22,3141.0
2025-08-29 09:35:00+00:00,647.24,647.24,647.24,647.24,415.0
2025-08-29 09:37:00+00:00,647.27,647.27,647.27,647.27,638.0
2025-08-29 09:38:00+00:00,647.27,647.27,647.26,647.26,266.0
2025-08-29 09:39:00+00:00,647.26,647.26,647.26,647.26,152.0
2025-08-29 09:42:00+00:00,647.22,647.22,647.17,647.21,3265.0
2025-08-29 09:44:00+00:00,647.18,647.18,647.18,647.18,618.0
2025-08-29 09:48:00+00:00,647.34,647.34,647.32,647.32,610.0
2025-08-29 09:49:00+00:00,647.34,647.34,647.3,647.3,834.0
2025-08-29 09:50:00+00:00,647.22,647.22,647.22,647.22,536.0
2025-08-29 09:52:00+00:00,647.27,647.27,647.27,647.27,591.0
2025-08-29 09:56:00+00:00,647.26,647.27,647.26,647.27,700.0
2025-08-29 09:57:00+00:00,647.23,647.23,647.23,647.23,148.0
2025-08-29 09:59:00+00:00,647.18,647.19,647.18,647.18,2028.0
2025-08-29 10:00:00+00:00,647.1,647.11,647.1,647.11,1485.0
2025-08-29 10:02:00+00:00,647.02,647.02,647.02,647.02,866.0
2025-08-29 10:03:00+00:00,647.02,647.02,646.95,646.99,2459.0
2025-08-29 10:04:00+00:00,647.1,647.14,647.1,647.14,1178.0
2025-08-29 10:10:00+00:00,647.18,647.33,647.18,647.33,219.0
2025-08-29 10:12:00+00:00,647.39,647.39,647.39,647.39,369.0
2025-08-29 10:13:00+00:00,647.31,647.32,647.3,647.32,1064.0
2025-08-29 10:14:00+00:00,647.29,647.3,647.29,647.3,1031.0
2025-08-29 10:15:00+00:00,647.21,647.21,647.21,647.21,223.0
2025-08-29 10:18:00+00:00,647.25,647.25,647.25,647.25,726.0
2025-08-29 10:23:00+00:00,647.24,647.24,647.24,647.24,311.0
2025-08-29 10:24:00+00:00,647.22,647.22,647.22,647.22,143.0
2025-08-29 10:28:00+00:00,647.25,647.25,647.25,647.25,459.0
2025-08-29 10:29:00+00:00,647.25,647.25,647.25,647.25,322.0
2025-08-29 10:30:00+00:00,647.28,647.28,647.21,647.21,1581.0
2025-08-29 10:31:00+00:00,647.13,647.13,647.11,647.12,942.0
2025-08-29 10:32:00+00:00,647.19,647.19,647.12,647.12,955.0
2025-08-29 10:33:00+00:00,647.13,647.16,647.13,647.16,655.0
2025-08-29 10:35:00+00:00,647.21,647.21,647.2,647.2,1115.0
2025-08-29 10:36:00+00:00,647.1,647.1,647.1,647.1,554.0
2025-08-29 10:37:00+00:00,647.12,647.12,647.1,647.1,350.0
2025-08-29 10:38:00+00:00,647.15,647.16,647.12,647.12,1451.0
2025-08-29 10:40:00+00:00,647.14,647.14,647.14,647.14,535.0
2025-08-29 10:41:00+00:00,647.1,647.1,647.1,647.1,501.0
2025-08-29 10:43:00+00:00,647.07,647.07,647.07,647.07,250.0
2025-08-29 10:44:00+00:00,647.02,647.06,647.0,647.06,27588.0
2025-08-29 10:45:00+00:00,647.06,647.13,647.06,647.13,1013.0
2025-08-29 10:46:00+00:00,647.14,647.14,647.14,647.14,146.0
2025-08-29 10:49:00+00:00,647.02,647.05,647.02,647.05,1120.0
2025-08-29 10:51:00+00:00,647.14,647.15,647.14,647.15,883.0
2025-08-29 10:52:00+00:00,647.15,647.19,647.11,647.19,8391.0
2025-08-29 10:53:00+00:00,647.17,647.17,647.14,647.17,8645.0
2025-08-29 10:54:00+00:00,647.15,647.15,647.12,647.12,13341.0
2025-08-29 10:56:00+00:00,646.9,647.0,646.9,647.0,925.0
2025-08-29 10:57:00+00:00,647.07,647.07,647.07,647.07,349.0
2025-08-29 10:58:00+00:00,647.11,647.11,647.0,647.0,6116.0
2025-08-29 10:59:00+00:00,647.05,647.05,647.05,647.05,5397.0
2025-08-29 11:00:00+00:00,647.04,647.13,647.03,647.1,5614.0
2025-08-29 11:01:00+00:00,647.1,647.11,647.1,647.1,1153.0
2025-08-29 11:02:00+00:00,647.08,647.15,647.08,647.14,1210.0
2025-08-29 11:03:00+00:00,647.12,647.23,647.12,647.2,2463.0
2025-08-29 11:04:00+00:00,647.21,647.21,647.2,647.2,528.0
2025-08-29 11:05:00+00:00,647.18,647.21,647.18,647.18,1824.0
2025-08-29 11:06:00+00:00,647.15,647.15,647.11,647.11,911.0
2025-08-29 11:10:00+00:00,647.21,647.21,647.2,647.2,1024.0
2025-08-29 11:11:00+00:00,647.22,647.31,647.22,647.31,26946.0
2025-08-29 11:12:00+00:00,647.3,647.34,647.3,647.34,618.0
2025-08-29 11:13:00+00:00,647.339,647.339,647.29,647.31,2619.0
2025-08-29 11:14:00+00:00,647.339,647.34,647.31,647.33,1065.0
2025-08-29 11:15:00+00:00,647.4,647.4,647.37,647.38,2886.0
2025-08-29 11:16:00+00:00,647.34,647.34,647.32,647.33,858.0
2025-08-29 11:17:00+00:00,647.34,647.34,647.34,647.34,588.0
2025-08-29 11:18:00+00:00,647.36,647.36,647.34,647.34,583.0
2025-08-29 11:19:00+00:00,647.32,647.35,647.32,647.35,324.0
2025-08-29 11:20:00+00:00,647.38,647.38,647.32,647.32,1331.0
2025-08-29 11:21:00+00:00,647.41,647.43,647.41,647.43,503.0
2025-08-29 11:22:00+00:00,647.38,647.38,647.38,647.38,107.0
2025-08-29 11:23:00+00:00,647.39,647.39,647.39,647.39,544.0
2025-08-29 11:24:00+00:00,647.4,647.4,647.34,647.34,422.0
2025-08-29 11:25:00+00:00,647.27,647.31,647.27,647.31,699.0
2025-08-29 11:26:00+00:00,647.28,647.28,647.25,647.25,567.0
2025-08-29 11:27:00+00:00,647.31,647.39,647.31,647.39,1276.0
2025-08-29 11:29:00+00:00,647.37,647.37,647.35,647.35,650.0
2025-08-29 11:30:00+00:00,647.26,647.28,647.26,647.28,601.0
2025-08-29 11:31:00+00:00,647.26,647.26,647.21,647.21,9189.0
2025-08-29 11:32:00+00:00,647.23,647.25,647.23,647.25,6001.0
2025-08-29 11:33:00+00:00,647.2,647.25,647.2,647.25,495.0
2025-08-29 11:34:00+00:00,647.24,647.24,647.22,647.22,424.0
2025-08-29 11:35:00+00:00,647.22,647.33,647.2,647.31,3216.0
2025-08-29 11:36:00+00:00,647.21,647.21,647.21,647.21,264.0
2025-08-29 11:37:00+00:00,647.23,647.23,647.16,647.16,1298.0
2025-08-29 11:38:00+00:00,647.18,647.22,647.16,647.19,8429.0
2025-08-29 11:40:00+00:00,647.16,647.22,647.14,647.2,3230.0
2025-08-29 11:41:00+00:00,647.28,647.3,647.28,647.3,1583.0
2025-08-29 11:42:00+00:00,647.3,647.3,647.3,647.3,665.0
2025-08-29 11:43:00+00:00,647.251,647.251,647.23,647.23,881.0
2025-08-29 11:44:00+00:00,647.22,647.22,647.18,647.18,872.0
2025-08-29 11:46:00+00:00,647.2,647.2,647.2,647.2,1385.0
2025-08-29 11:47:00+00:00,647.18,647.2,647.15,647.16,3637.0
2025-08-29 11:49:00+00:00,647.19,647.19,647.19,647.19,344.0
2025-08-29 11:50:00+00:00,647.1,647.1,647.05,647.05,4723.0
2025-08-29 11:51:00+00:00,647.07,647.08,647.02,647.02,1535.0
2025-08-29 11:52:00+00:00,647.04,647.05,647.04,647.04,713.0
2025-08-29 11:53:00+00:00,647.02,647.06,647.02,647.06,811.0
2025-08-29 11:54:00+00:00,647.1,647.14,647.07,647.14,4899.0
2025-08-29 11:55:00+00:00,647.12,647.13,647.07,647.07,4297.0
2025-08-29 11:56:00+00:00,647.14,647.14,647.07,647.08,4975.0
2025-08-29 11:57:00+00:00,647.08,647.19,647.08,647.19,1851.0
2025-08-29 11:58:00+00:00,647.17,647.24,647.16,647.21,5470.0
2025-08-29 11:59:00+00:00,647.22,647.22,647.14,647.14,3361.0
2025-08-29 12:00:00+00:00,647.18,648.8,646.87,647.14,63292.0
2025-08-29 12:01:00+00:00,648.3,648.35,647.14,647.1999,8241.0
2025-08-29 12:02:00+00:00,647.2,647.22,647.15,647.15,7289.0
2025-08-29 12:03:00+00:00,647.1,647.11,647.04,647.04,3182.0
2025-08-29 12:04:00+00:00,647.01,647.05,646.97,646.97,9907.0
2025-08-29 12:05:00+00:00,646.92,646.94,646.81,646.88,29246.0
2025-08-29 12:06:00+00:00,646.8901,646.96,646.8901,646.9205,1206.0
2025-08-29 12:07:00+00:00,646.92,647.0,646.92,647.0,1621.0
2025-08-29 12:08:00+00:00,647.04,647.05,646.93,647.05,15138.0
2025-08-29 12:09:00+00:00,646.98,647.01,646.97,647.0,4017.0
2025-08-29 12:10:00+00:00,646.97,646.98,646.92,646.96,3417.0
2025-08-29 12:11:00+00:00,646.92,646.95,646.92,646.95,7148.0
2025-08-29 12:12:00+00:00,646.95,646.95,646.95,646.95,820.0
2025-08-29 12:13:00+00:00,646.98,647.0,646.98,647.0,884.0
2025-08-29 12:14:00+00:00,647.01,647.02,647.0,647.02,2186.0
2025-08-29 12:15:00+00:00,647.05,647.16,647.05,647.12,14435.0
2025-08-29 12:16:00+00:00,647.13,647.2,647.13,647.16,20763.0
2025-08-29 12:17:00+00:00,647.14,647.14,647.07,647.08,7637.0
2025-08-29 12:18:00+00:00,647.02,647.19,647.0,647.19,7304.0
2025-08-29 12:19:00+00:00,647.08,647.08,647.0,647.01,5074.0
2025-08-29 12:20:00+00:00,647.0,647.08,646.98,647.03,31376.0
2025-08-29 12:21:00+00:00,647.06,647.07,647.06,647.07,706.0
2025-08-29 12:22:00+00:00,647.03,647.04,647.02,647.02,4863.0
2025-08-29 12:23:00+00:00,647.06,647.12,646.99,647.05,15787.0
2025-08-29 12:24:00+00:00,647.05,647.06,647.02,647.02,2114.0
2025-08-29 12:25:00+00:00,647.02,647.06,646.98,647.05,10786.0
2025-08-29 12:26:00+00:00,647.03,647.11,647.02,647.11,7373.0
2025-08-29 12:27:00+00:00,647.1,647.21,647.1,647.15,14247.0
2025-08-29 12:28:00+00:00,647.12,647.12,647.08,647.12,3815.0
2025-08-29 12:29:00+00:00,647.12,647.12,647.0,647.0,5404.0
2025-08-29 12:30:00+00:00,647.1077,648.09,647.1077,647.88,92794.0
2025-08-29 12:31:00+00:00,647.92,647.92,647.35,647.51,43409.0
2025-08-29 12:32:00+00:00,647.49,647.75,647.47,647.7,63760.0
2025-08-29 12:33:00+00:00,647.7,647.78,647.56,647.75,30894.0
2025-08-29 12:34:00+00:00,647.75,647.78,647.56,647.6,14811.0
2025-08-29 12:35:00+00:00,647.69,647.75,647.57,647.59,7316.0
2025-08-29 12:36:00+00:00,647.55,647.56,647.39,647.4005,12806.0
2025-08-29 12:37:00+00:00,647.41,647.51,647.33,647.39,15012.0
2025-08-29 12:38:00+00:00,647.4194,647.5299,647.38,647.44,4578.0
2025-08-29 12:39:00+00:00,647.45,647.5,647.38,647.4683,5886.0
2025-08-29 12:40:00+00:00,647.45,647.5,647.42,647.4599,9515.0
2025-08-29 12:41:00+00:00,647.4,647.5299,647.37,647.47,16065.0
2025-08-29 12:42:00+00:00,647.4,647.4,647.25,647.3098,9895.0
2025-08-29 12:43:00+00:00,647.31,647.52,647.31,647.48,4700.0
2025-08-29 12:44:00+00:00,647.5099,647.52,647.42,647.5183,4893.0
2025-08-29 12:45:00+00:00,647.4691,647.56,647.45,647.52,6369.0
2025-08-29 12:46:00+00:00,647.52,647.659,647.52,647.65,5539.0
2025-08-29 12:47:00+00:00,647.68,647.68,647.65,647.67,4030.0
2025-08-29 12:48:00+00:00,647.64,647.65,647.62,647.65,1511.0
2025-08-29 12:49:00+00:00,647.68,647.68,647.68,647.68,1088.0
2025-08-29 12:50:00+00:00,647.72,647.72,647.55,647.55,2139.0
2025-08-29 12:51:00+00:00,647.53,647.6,647.5,647.6,6786.0
2025-08-29 12:52:00+00:00,647.62,647.62,647.57,647.57,1442.0
2025-08-29 12:53:00+00:00,647.65,647.65,647.62,647.62,1537.0
2025-08-29 12:54:00+00:00,647.63,647.64,647.6192,647.64,1790.0
2025-08-29 12:55:00+00:00,647.6,647.65,647.6,647.63,2348.0
2025-08-29 12:56:00+00:00,647.58,647.65,647.57,647.64,5677.0
2025-08-29 12:57:00+00:00,647.59,647.7,647.59,647.7,2261.0
2025-08-29 12:58:00+00:00,647.68,647.68,647.65,647.65,2443.0
2025-08-29 12:59:00+00:00,647.68,647.71,647.6401,647.7,1928.0
2025-08-29 13:00:00+00:00,647.68,647.72,647.67,647.68,12849.0
2025-08-29 13:01:00+00:00,647.6503,647.86,647.65,647.78,12585.0
2025-08-29 13:02:00+00:00,647.76,647.77,647.7,647.7,2400.0
2025-08-29 13:03:00+00:00,647.68,647.72,647.68,647.7,2295.0
2025-08-29 13:04:00+00:00,647.68,647.75,647.67,647.75,4651.0
2025-08-29 13:05:00+00:00,647.77,647.77,647.72,647.72,3254.0
2025-08-29 13:06:00+00:00,647.71,647.71,647.65,647.71,4425.0
2025-08-29 13:07:00+00:00,647.7,647.71,647.7,647.7,1207.0
2025-08-29 13:08:00+00:00,647.68,647.7,647.67,647.67,2150.0
2025-08-29 13:09:00+00:00,647.6216,647.63,647.62,647.6201,1823.0
2025-08-29 13:10:00+00:00,647.65,647.65,647.65,647.65,246.0
2025-08-29 13:11:00+00:00,647.6,647.6,647.58,647.58,1015.0
2025-08-29 13:12:00+00:00,647.6,647.69,647.6,647.64,3776.0
2025-08-29 13:13:00+00:00,647.61,647.61,647.58,647.6,1553.0
2025-08-29 13:14:00+00:00,647.59,647.68,647.59,647.68,933.0
2025-08-29 13:15:00+00:00,647.68,647.68,647.62,647.66,12472.0
2025-08-29 13:16:00+00:00,647.6999,647.7299,647.62,647.65,5075.0
2025-08-29 13:17:00+00:00,647.67,647.7,647.52,647.52,10901.0
2025-08-29 13:19:00+00:00,647.58,647.6,647.47,647.47,2200.0
2025-08-29 13:20:00+00:00,647.53,647.65,647.53,647.65,1467.0
2025-08-29 13:21:00+00:00,647.7099,647.7599,647.7,647.7,7327.0
2025-08-29 13:22:00+00:00,647.74,647.74,647.63,647.63,5550.0
2025-08-29 13:23:00+00:00,647.62,647.65,647.55,647.55,2356.0
2025-08-29 13:24:00+00:00,647.52,647.5797,647.52,647.5797,3510.0
2025-08-29 13:25:00+00:00,647.57,647.87,647.55,647.85,7356.0
2025-08-29 13:26:00+00:00,647.8703,647.96,647.84,647.91,10705.0
2025-08-29 13:27:00+00:00,647.9101,647.92,647.77,647.79,10456.0
2025-08-29 13:28:00+00:00,647.82,647.85,647.7,647.71,17874.0
2025-08-29 13:29:00+00:00,647.68,647.68,647.37,647.47,57520.0
2025-08-29 13:30:00+00:00,647.46,647.84,647.35,647.51,630604.0
2025-08-29 13:31:00+00:00,647.5,647.7581,647.405,647.71,346616.0
2025-08-29 13:32:00+00:00,647.695,647.74,647.49,647.51,294232.0
2025-08-29 13:33:00+00:00,647.51,647.54,647.34,647.4694,245001.0
2025-08-29 13:34:00+00:00,647.46,647.5,647.285,647.41,200113.0
2025-08-29 13:35:00+00:00,647.39,647.41,647.25,647.31,221200.0
2025-08-29 13:36:00+00:00,647.32,647.44,647.22,647.3001,205808.0
2025-08-29 13:37:00+00:00,647.31,647.31,646.95,647.19,354763.0
2025-08-29 13:38:00+00:00,647.195,647.28,647.05,647.145,194793.0
2025-08-29 13:39:00+00:00,647.155,647.17,646.85,646.8688,226466.0
2025-08-29 13:40:00+00:00,646.87,647.09,646.83,646.9,215163.0
2025-08-29 13:41:00+00:00,646.9,647.19,646.84,647.1,200111.0
2025-08-29 13:42:00+00:00,647.105,647.28,647.105,647.13,195904.0
2025-08-29 13:43:00+00:00,647.13,647.13,646.8,646.875,153368.0
2025-08-29 13:44:00+00:00,646.875,647.07,646.86,647.0051,211722.0
2025-08-29 13:45:00+00:00,647.01,647.01,646.63,646.64,301924.0
2025-08-29 13:46:00+00:00,646.64,646.67,646.305,646.305,433184.0
2025-08-29 13:47:00+00:00,646.32,646.35,646.11,646.24,357687.0
2025-08-29 13:48:00+00:00,646.225,646.41,646.2099,646.33,375544.0
2025-08-29 13:49:00+00:00,646.33,646.335,646.065,646.1,246424.0
2025-08-29 13:50:00+00:00,646.1,646.11,645.77,646.01,405833.0
2025-08-29 13:51:00+00:00,646.0,646.29,645.9999,646.24,306951.0
2025-08-29 13:52:00+00:00,646.24,646.27,646.02,646.13,196458.0
2025-08-29 13:53:00+00:00,646.14,646.3493,646.1045,646.2,145822.0
2025-08-29 13:54:00+00:00,646.2,646.275,645.89,645.96,176018.0
2025-08-29 13:55:00+00:00,645.96,646.1549,645.83,645.83,191544.0
2025-08-29 13:56:00+00:00,645.83,645.87,645.5,645.57,384494.0
2025-08-29 13:57:00+00:00,645.575,645.655,645.34,645.4987,289146.0
2025-08-29 13:58:00+00:00,645.5,645.63,645.485,645.57,215776.0
2025-08-29 13:59:00+00:00,645.56,645.75,645.43,645.51,201027.0
2025-08-29 14:00:00+00:00,645.5,645.98,645.2,645.9199,377871.0
2025-08-29 14:01:00+00:00,645.93,646.063,645.58,645.6,254427.0
2025-08-29 14:02:00+00:00,645.57,645.69,645.47,645.495,247259.0
2025-08-29 14:03:00+00:00,645.49,645.63,644.99,645.01,410261.0
2025-08-29 14:04:00+00:00,645.0,645.08,644.6,644.6201,325225.0
2025-08-29 14:05:00+00:00,644.6,644.75,644.175,644.175,431052.0
2025-08-29 14:06:00+00:00,644.2,644.43,643.92,644.07,442063.0
2025-08-29 14:07:00+00:00,644.06,644.25,643.96,644.2,317056.0
2025-08-29 14:08:00+00:00,644.2099,644.25,643.82,644.0,325750.0
2025-08-29 14:09:00+00:00,643.99,644.21,643.79,644.08,377477.0
2025-08-29 14:10:00+00:00,644.06,644.38,643.98,644.03,392626.0
2025-08-29 14:11:00+00:00,644.03,644.15,643.92,643.97,274137.0
2025-08-29 14:12:00+00:00,643.97,644.08,643.87,643.935,354235.0
2025-08-29 14:13:00+00:00,643.93,644.2885,643.84,644.26,550557.0
2025-08-29 14:14:00+00:00,644.26,644.39,644.08,644.33,412200.0
2025-08-29 14:15:00+00:00,644.32,644.32,643.63,643.72,524208.0
2025-08-29 14:16:00+00:00,643.73,643.9793,643.66,643.93,271861.0
2025-08-29 14:17:00+00:00,643.94,644.25,643.9299,644.14,235722.0
2025-08-29 14:18:00+00:00,644.145,644.2,643.9,644.1,154635.0
2025-08-29 14:19:00+00:00,644.09,644.135,643.8099,644.13,202790.0
2025-08-29 14:20:00+00:00,644.09,644.55,644.08,644.51,307530.0
2025-08-29 14:21:00+00:00,644.5,644.79,644.45,644.765,202128.0
2025-08-29 14:22:00+00:00,644.75,644.7826,644.33,644.34,222106.0
2025-08-29 14:23:00+00:00,644.365,644.605,644.32,644.39,129080.0
2025-08-29 14:24:00+00:00,644.38,644.5099,644.35,644.43,124863.0
2025-08-29 14:25:00+00:00,644.42,644.52,644.32,644.39,117347.0
2025-08-29 14:26:00+00:00,644.39,644.43,643.815,643.915,260454.0
2025-08-29 14:27:00+00:00,643.9,644.16,643.89,644.05,167310.0
2025-08-29 14:28:00+00:00,644.04,644.26,644.04,644.11,98792.0
2025-08-29 14:29:00+00:00,644.08,644.6799,644.03,644.6688,195438.0
2025-08-29 14:30:00+00:00,644.67,644.6991,644.33,644.62,121551.0
2025-08-29 14:31:00+00:00,644.625,644.69,644.46,644.685,145593.0
2025-08-29 14:32:00+00:00,644.67,644.71,644.44,644.635,117562.0
2025-08-29 14:33:00+00:00,644.6354,644.9258,644.6175,644.85,152303.0
2025-08-29 14:34:00+00:00,644.85,644.855,644.66,644.825,144925.0
2025-08-29 14:35:00+00:00,644.8,644.84,644.53,644.53,137071.0
2025-08-29 14:36:00+00:00,644.53,644.835,644.53,644.69,127584.0
2025-08-29 14:37:00+00:00,644.66,644.93,644.62,644.88,141371.0
2025-08-29 14:38:00+00:00,644.87,644.94,644.82,644.85,90940.0
2025-08-29 14:39:00+00:00,644.86,645.01,644.83,644.965,109424.0
2025-08-29 14:40:00+00:00,644.96,645.11,644.81,644.9501,219183.0
2025-08-29 14:41:00+00:00,644.955,644.995,644.66,644.6855,163453.0
2025-08-29 14:42:00+00:00,644.69,644.95,644.69,644.765,120798.0
2025-08-29 14:43:00+00:00,644.77,644.77,644.57,644.63,100977.0
2025-08-29 14:44:00+00:00,644.63,644.71,644.17,644.2046,174348.0
2025-08-29 14:45:00+00:00,644.2,644.36,644.12,644.19,158495.0
2025-08-29 14:46:00+00:00,644.19,644.31,644.08,644.17,101163.0
2025-08-29 14:47:00+00:00,644.17,644.19,643.86,643.95,180025.0
2025-08-29 14:48:00+00:00,643.945,644.07,643.77,643.805,374738.0
2025-08-29 14:49:00+00:00,643.82,643.91,643.52,643.71,228396.0
2025-08-29 14:50:00+00:00,643.71,643.78,643.29,643.31,294139.0
2025-08-29 14:51:00+00:00,643.315,643.5899,643.315,643.41,213821.0
2025-08-29 14:52:00+00:00,643.41,643.46,643.14,643.25,227349.0
2025-08-29 14:53:00+00:00,643.24,643.57,643.21,643.46,187045.0
2025-08-29 14:54:00+00:00,643.46,643.76,643.39,643.72,222996.0
2025-08-29 14:55:00+00:00,643.73,643.89,643.53,643.87,256034.0
2025-08-29 14:56:00+00:00,643.86,644.03,643.6993,643.765,205892.0
2025-08-29 14:57:00+00:00,643.75,643.82,643.58,643.665,130487.0
2025-08-29 14:58:00+00:00,643.665,643.7,643.52,643.555,149449.0
2025-08-29 14:59:00+00:00,643.57,643.83,643.5601,643.82,105275.0
2025-08-29 15:00:00+00:00,643.82,644.15,643.68,644.1,162542.0
2025-08-29 15:01:00+00:00,644.1058,644.23,643.955,644.0,122597.0
2025-08-29 15:02:00+00:00,643.99,644.24,643.99,644.01,98307.0
2025-08-29 15:03:00+00:00,644.02,644.11,643.945,643.995,88152.0
2025-08-29 15:04:00+00:00,644.01,644.13,643.945,644.08,74291.0
2025-08-29 15:05:00+00:00,644.09,644.26,644.03,644.15,98924.0
2025-08-29 15:06:00+00:00,644.14,644.24,644.0449,644.21,92447.0
2025-08-29 15:07:00+00:00,644.2,644.48,644.16,644.48,135451.0
2025-08-29 15:08:00+00:00,644.47,644.63,644.43,644.48,151690.0
2025-08-29 15:09:00+00:00,644.465,644.695,644.41,644.64,106706.0
2025-08-29 15:10:00+00:00,644.62,644.76,644.58,644.69,94302.0
2025-08-29 15:11:00+00:00,644.685,644.685,644.43,644.435,145985.0
2025-08-29 15:12:00+00:00,644.43,644.68,644.42,644.64,132133.0
2025-08-29 15:13:00+00:00,644.64,644.685,644.52,644.58,69240.0
2025-08-29 15:14:00+00:00,644.585,644.59,644.34,644.36,99769.0
2025-08-29 15:15:00+00:00,644.37,644.55,644.335,644.535,128203.0
2025-08-29 15:16:00+00:00,644.52,644.605,644.4552,644.48,89062.0
2025-08-29 15:17:00+00:00,644.48,644.52,644.33,644.411,84455.0
2025-08-29 15:18:00+00:00,644.4,644.49,644.22,644.2442,90632.0
2025-08-29 15:19:00+00:00,644.25,644.39,644.21,644.35,83698.0
2025-08-29 15:20:00+00:00,644.34,644.44,644.25,644.4007,85021.0
2025-08-29 15:21:00+00:00,644.4,644.4,644.2,644.2614,69573.0
2025-08-29 15:22:00+00:00,644.26,644.55,644.2499,644.535,80893.0
2025-08-29 15:23:00+00:00,644.52,644.56,644.405,644.4358,57816.0
2025-08-29 15:24:00+00:00,644.43,644.61,644.43,644.56,74700.0
2025-08-29 15:25:00+00:00,644.55,644.57,644.395,644.43,89993.0
2025-08-29 15:26:00+00:00,644.44,644.77,644.435,644.735,86203.0
2025-08-29 15:27:00+00:00,644.73,644.73,644.461,644.49,55824.0
2025-08-29 15:28:00+00:00,644.495,644.64,644.48,644.58,121842.0
2025-08-29 15:29:00+00:00,644.56,644.57,644.3,644.41,99477.0
2025-08-29 15:30:00+00:00,644.41,644.55,644.16,644.16,90309.0
2025-08-29 15:31:00+00:00,644.2,644.34,644.07,644.11,69430.0
2025-08-29 15:32:00+00:00,644.12,644.18,644.0,644.1,79992.0
2025-08-29 15:33:00+00:00,644.09,644.29,644.02,644.1942,84566.0
2025-08-29 15:34:00+00:00,644.185,644.29,644.04,644.06,74873.0
2025-08-29 15:35:00+00:00,644.07,644.205,644.06,644.13,99552.0
2025-08-29 15:36:00+00:00,644.13,644.39,644.09,644.34,101584.0
2025-08-29 15:37:00+00:00,644.33,644.51,644.31,644.465,77577.0
2025-08-29 15:38:00+00:00,644.47,644.51,644.38,644.385,85174.0
2025-08-29 15:39:00+00:00,644.385,644.4,644.23,644.3499,112847.0
2025-08-29 15:40:00+00:00,644.34,644.43,644.13,644.14,125732.0
2025-08-29 15:41:00+00:00,644.15,644.47,644.13,644.45,79309.0
2025-08-29 15:42:00+00:00,644.42,644.43,644.24,644.26,70817.0
2025-08-29 15:43:00+00:00,644.27,644.38,644.15,644.18,61931.0
2025-08-29 15:44:00+00:00,644.16,644.2799,644.145,644.1479,45253.0
2025-08-29 15:45:00+00:00,644.135,644.21,644.0481,644.052,70597.0
2025-08-29 15:46:00+00:00,644.07,644.255,644.04,644.125,91429.0
2025-08-29 15:47:00+00:00,644.115,644.23,644.02,644.028,70810.0
2025-08-29 15:48:00+00:00,644.035,644.13,644.005,644.04,33206.0
2025-08-29 15:49:00+00:00,644.04,644.11,643.97,643.995,86086.0
2025-08-29 15:50:00+00:00,643.99,643.99,643.71,643.7599,171220.0
2025-08-29 15:51:00+00:00,643.76,643.93,643.76,643.87,122044.0
2025-08-29 15:52:00+00:00,643.87,644.12,643.85,643.9711,82520.0
2025-08-29 15:53:00+00:00,643.965,643.97,643.845,643.86,42765.0
2025-08-29 15:54:00+00:00,643.86,643.9479,643.8499,643.91,44948.0
2025-08-29 15:55:00+00:00,643.91,644.0958,643.88,644.09,73566.0
2025-08-29 15:56:00+00:00,644.09,644.1,643.91,643.92,60479.0
2025-08-29 15:57:00+00:00,643.935,644.06,643.87,643.96,55959.0
2025-08-29 15:58:00+00:00,643.97,644.02,643.76,643.77,86893.0
2025-08-29 15:59:00+00:00,643.785,643.825,643.73,643.79,249642.0
2025-08-29 16:00:00+00:00,643.78,644.05,643.75,643.97,102935.0
2025-08-29 16:01:00+00:00,643.96,644.2,643.95,644.145,167650.0
2025-08-29 16:02:00+00:00,644.14,644.25,644.12,644.22,91763.0
2025-08-29 16:03:00+00:00,644.22,644.3,644.2,644.28,103173.0
2025-08-29 16:04:00+00:00,644.28,644.42,644.24,644.335,126995.0
2025-08-29 16:05:00+00:00,644.325,644.325,644.0,644.02,95415.0
2025-08-29 16:06:00+00:00,644.0,644.21,643.9813,644.185,64118.0
2025-08-29 16:07:00+00:00,644.185,644.38,644.16,644.3289,84692.0
2025-08-29 16:08:00+00:00,644.32,644.395,644.2407,644.37,51148.0
2025-08-29 16:09:00+00:00,644.36,644.4,644.335,644.35,69246.0
2025-08-29 16:10:00+00:00,644.34,644.49,644.26,644.45,100945.0
2025-08-29 16:11:00+00:00,644.44,644.555,644.44,644.4401,103331.0
2025-08-29 16:12:00+00:00,644.4401,644.56,644.43,644.52,141811.0
2025-08-29 16:13:00+00:00,644.51,644.68,644.48,644.6299,96700.0
2025-08-29 16:14:00+00:00,644.615,644.6281,644.48,644.54,52107.0
2025-08-29 16:15:00+00:00,644.54,644.65,644.53,644.64,52368.0
2025-08-29 16:16:00+00:00,644.64,644.7393,644.6,644.685,77379.0
2025-08-29 16:17:00+00:00,644.68,644.76,644.65,644.67,69503.0
2025-08-29 16:18:00+00:00,644.66,644.6751,644.39,644.4,126626.0
2025-08-29 16:19:00+00:00,644.4199,644.575,644.4,644.525,46351.0
2025-08-29 16:20:00+00:00,644.53,644.58,644.48,644.565,109627.0
2025-08-29 16:21:00+00:00,644.57,644.68,644.53,644.67,72893.0
2025-08-29 16:22:00+00:00,644.66,644.66,644.59,644.61,39375.0
2025-08-29 16:23:00+00:00,644.61,644.615,644.53,644.545,37684.0
2025-08-29 16:24:00+00:00,644.53,644.65,644.53,644.63,43820.0
2025-08-29 16:25:00+00:00,644.63,644.655,644.53,644.565,47230.0
2025-08-29 16:26:00+00:00,644.555,644.555,644.3535,644.39,53670.0
2025-08-29 16:27:00+00:00,644.4,644.41,644.09,644.09,71952.0
2025-08-29 16:28:00+00:00,644.11,644.24,644.11,644.24,57994.0
2025-08-29 16:29:00+00:00,644.23,644.26,644.15,644.17,36328.0
2025-08-29 16:30:00+00:00,644.18,644.41,644.18,644.41,56764.0
2025-08-29 16:31:00+00:00,644.405,644.61,644.4,644.585,59725.0
2025-08-29 16:32:00+00:00,644.58,644.67,644.57,644.645,57000.0
2025-08-29 16:33:00+00:00,644.65,644.72,644.62,644.655,65141.0
2025-08-29 16:34:00+00:00,644.6601,644.7599,644.635,644.68,46135.0
2025-08-29 16:35:00+00:00,644.69,644.86,644.65,644.86,85616.0
2025-08-29 16:36:00+00:00,644.86,644.875,644.68,644.76,92775.0
2025-08-29 16:37:00+00:00,644.76,644.81,644.7199,644.76,29201.0
2025-08-29 16:38:00+00:00,644.77,644.91,644.7699,644.865,74567.0
2025-08-29 16:39:00+00:00,644.87,644.95,644.83,644.915,54217.0
2025-08-29 16:40:00+00:00,644.91,644.91,644.81,644.84,29206.0
2025-08-29 16:41:00+00:00,644.83,644.89,644.73,644.89,63959.0
2025-08-29 16:42:00+00:00,644.89,644.9,644.79,644.82,31288.0
2025-08-29 16:43:00+00:00,644.81,644.86,644.78,644.82,51867.0
2025-08-29 16:44:00+00:00,644.82,644.94,644.82,644.94,52687.0
2025-08-29 16:45:00+00:00,644.93,645.03,644.91,644.97,71427.0
2025-08-29 16:46:00+00:00,644.975,645.0399,644.89,644.99,48380.0
2025-08-29 16:47:00+00:00,644.985,645.015,644.91,644.9307,36211.0
2025-08-29 16:48:00+00:00,644.932,644.945,644.845,644.885,32059.0
2025-08-29 16:49:00+00:00,644.9,644.9,644.62,644.6802,112096.0
2025-08-29 16:50:00+00:00,644.685,644.78,644.59,644.745,64789.0
2025-08-29 16:51:00+00:00,644.72,644.75,644.62,644.665,110715.0
2025-08-29 16:52:00+00:00,644.66,644.73,644.63,644.685,82604.0
2025-08-29 16:53:00+00:00,644.68,644.73,644.63,644.7098,132570.0
2025-08-29 16:54:00+00:00,644.705,644.83,644.7,644.81,108099.0
2025-08-29 16:55:00+00:00,644.8,644.91,644.785,644.825,112056.0
2025-08-29 16:56:00+00:00,644.8299,644.87,644.67,644.73,58417.0
2025-08-29 16:57:00+00:00,644.735,644.875,644.72,644.825,89777.0
2025-08-29 16:58:00+00:00,644.82,644.87,644.79,644.815,75532.0
2025-08-29 16:59:00+00:00,644.82,644.83,644.71,644.725,84540.0
2025-08-29 17:00:00+00:00,644.7,644.7,644.35,644.35,133064.0
2025-08-29 17:01:00+00:00,644.37,644.44,644.31,644.355,102258.0
2025-08-29 17:02:00+00:00,644.37,644.4051,644.27,644.37,79812.0
2025-08-29 17:03:00+00:00,644.355,644.37,644.21,644.26,190517.0
2025-08-29 17:04:00+00:00,644.255,644.27,643.9,643.92,183425.0
2025-08-29 17:05:00+00:00,643.93,644.0199,643.86,643.8901,80621.0
2025-08-29 17:06:00+00:00,643.89,644.169,643.78,644.13,93629.0
2025-08-29 17:07:00+00:00,644.11,644.1938,644.065,644.15,78424.0
2025-08-29 17:08:00+00:00,644.145,644.23,644.13,644.16,70046.0
2025-08-29 17:09:00+00:00,644.15,644.26,644.13,644.23,60775.0
2025-08-29 17:10:00+00:00,644.23,644.2376,643.96,644.04,169710.0
2025-08-29 17:11:00+00:00,644.04,644.04,643.8,643.89,109636.0
2025-08-29 17:12:00+00:00,643.875,644.0,643.87,643.99,91904.0
2025-08-29 17:13:00+00:00,643.99,644.02,643.78,643.82,56171.0
2025-08-29 17:14:00+00:00,643.815,643.89,643.79,643.83,45561.0
2025-08-29 17:15:00+00:00,643.83,643.945,643.6,643.6,146584.0
2025-08-29 17:16:00+00:00,643.58,643.73,643.56,643.655,86288.0
2025-08-29 17:17:00+00:00,643.655,643.75,643.46,643.515,201979.0
2025-08-29 17:18:00+00:00,643.51,643.66,643.5,643.64,63842.0
2025-08-29 17:19:00+00:00,643.63,643.81,643.62,643.715,90691.0
2025-08-29 17:20:00+00:00,643.72,643.95,643.72,643.93,171389.0
2025-08-29 17:21:00+00:00,643.925,644.06,643.91,644.035,141227.0
2025-08-29 17:22:00+00:00,644.03,644.085,643.95,643.95,65175.0
2025-08-29 17:23:00+00:00,643.95,643.96,643.77,643.84,61517.0
2025-08-29 17:24:00+00:00,643.835,643.94,643.83,643.885,85835.0
2025-08-29 17:25:00+00:00,643.875,644.09,643.875,643.935,93903.0
2025-08-29 17:26:00+00:00,643.94,644.11,643.91,644.06,52896.0
2025-08-29 17:27:00+00:00,644.0401,644.07,643.98,644.07,36156.0
2025-08-29 17:28:00+00:00,644.0689,644.08,643.98,644.0335,35097.0
2025-08-29 17:29:00+00:00,644.045,644.095,643.94,644.0,53417.0
2025-08-29 17:30:00+00:00,644.0,644.26,643.96,644.24,104762.0
2025-08-29 17:31:00+00:00,644.24,644.26,644.06,644.07,61644.0
2025-08-29 17:32:00+00:00,644.06,644.09,643.842,643.842,67257.0
2025-08-29 17:33:00+00:00,643.84,643.985,643.84,643.94,50899.0
2025-08-29 17:34:00+00:00,643.93,643.989,643.86,643.98,70886.0
2025-08-29 17:35:00+00:00,643.985,644.045,643.9299,644.0158,52629.0
2025-08-29 17:36:00+00:00,644.01,644.12,643.97,643.985,50001.0
2025-08-29 17:37:00+00:00,643.98,644.1807,643.92,644.17,145068.0
2025-08-29 17:38:00+00:00,644.1451,644.2358,644.1301,644.185,61034.0
2025-08-29 17:39:00+00:00,644.18,644.25,644.15,644.211,65345.0
2025-08-29 17:40:00+00:00,644.215,644.42,644.21,644.395,120169.0
2025-08-29 17:41:00+00:00,644.39,644.39,644.27,644.31,51448.0
2025-08-29 17:42:00+00:00,644.295,644.39,644.195,644.23,142009.0
2025-08-29 17:43:00+00:00,644.23,644.265,644.2,644.24,53151.0
2025-08-29 17:44:00+00:00,644.2301,644.36,644.22,644.35,63272.0
2025-08-29 17:45:00+00:00,644.36,644.535,644.33,644.52,103863.0
2025-08-29 17:46:00+00:00,644.54,644.585,644.47,644.495,93569.0
2025-08-29 17:47:00+00:00,644.495,644.5451,644.4401,644.495,79398.0
2025-08-29 17:48:00+00:00,644.49,644.67,644.44,644.625,97873.0
2025-08-29 17:49:00+00:00,644.62,644.625,644.55,644.57,54228.0
2025-08-29 17:50:00+00:00,644.57,644.67,644.5,644.625,76056.0
2025-08-29 17:51:00+00:00,644.63,644.87,644.63,644.86,107457.0
2025-08-29 17:52:00+00:00,644.84,645.0142,644.833,644.9301,102570.0
2025-08-29 17:53:00+00:00,644.94,644.99,644.82,644.83,90991.0
2025-08-29 17:54:00+00:00,644.83,644.9,644.67,644.77,96262.0
2025-08-29 17:55:00+00:00,644.76,644.82,644.7342,644.75,954039.0
2025-08-29 17:56:00+00:00,644.75,644.85,644.72,644.7399,61358.0
2025-08-29 17:57:00+00:00,644.745,644.75,644.5,644.51,90854.0
2025-08-29 17:58:00+00:00,644.51,644.67,644.401,644.54,110863.0
2025-08-29 17:59:00+00:00,644.55,644.65,644.535,644.64,71729.0
2025-08-29 18:00:00+00:00,644.65,644.665,644.39,644.41,115344.0
2025-08-29 18:01:00+00:00,644.41,644.5,644.3,644.34,105741.0
2025-08-29 18:02:00+00:00,644.34,644.426,644.32,644.365,57394.0
2025-08-29 18:03:00+00:00,644.35,644.46,644.31,644.4,64777.0
2025-08-29 18:04:00+00:00,644.39,644.39,644.23,644.235,72650.0
2025-08-29 18:05:00+00:00,644.25,644.33,644.22,644.265,53989.0
2025-08-29 18:06:00+00:00,644.26,644.45,644.23,644.44,66042.0
2025-08-29 18:07:00+00:00,644.44,644.505,644.42,644.48,44517.0
2025-08-29 18:08:00+00:00,644.465,644.595,644.455,644.57,74098.0
2025-08-29 18:09:00+00:00,644.56,644.6499,644.54,644.61,73696.0
2025-08-29 18:10:00+00:00,644.61,644.7,644.51,644.6649,92362.0
2025-08-29 18:11:00+00:00,644.665,644.675,644.555,644.58,73948.0
2025-08-29 18:12:00+00:00,644.575,644.68,644.51,644.52,81126.0
2025-08-29 18:13:00+00:00,644.51,644.52,644.4,644.485,76084.0
2025-08-29 18:14:00+00:00,644.49,644.54,644.44,644.535,69924.0
2025-08-29 18:15:00+00:00,644.545,644.63,644.48,644.5955,118954.0
2025-08-29 18:16:00+00:00,644.59,644.66,644.5404,644.6,80523.0
2025-08-29 18:17:00+00:00,644.6,644.65,644.5,644.52,61013.0
2025-08-29 18:18:00+00:00,644.52,644.56,644.45,644.475,97071.0
2025-08-29 18:19:00+00:00,644.469,644.57,644.469,644.54,47166.0
2025-08-29 18:20:00+00:00,644.53,644.53,644.17,644.205,271968.0
2025-08-29 18:21:00+00:00,644.22,644.4,644.21,644.25,67462.0
2025-08-29 18:22:00+00:00,644.2455,644.34,644.2435,644.27,40409.0
2025-08-29 18:23:00+00:00,644.26,644.44,644.25,644.4358,45456.0
2025-08-29 18:24:00+00:00,644.43,644.43,644.37,644.42,43054.0
2025-08-29 18:25:00+00:00,644.42,644.51,644.38,644.38,49822.0
2025-08-29 18:26:00+00:00,644.37,644.4,644.22,644.24,68423.0
2025-08-29 18:27:00+00:00,644.23,644.335,644.23,644.275,62515.0
2025-08-29 18:28:00+00:00,644.28,644.325,644.215,644.23,60519.0
2025-08-29 18:29:00+00:00,644.22,644.33,644.215,644.265,58366.0
2025-08-29 18:30:00+00:00,644.265,644.49,644.265,644.465,102627.0
2025-08-29 18:31:00+00:00,644.48,644.5,644.39,644.4805,55756.0
2025-08-29 18:32:00+00:00,644.49,644.63,644.49,644.59,51891.0
2025-08-29 18:33:00+00:00,644.59,644.6258,644.51,644.57,45009.0
2025-08-29 18:34:00+00:00,644.57,644.65,644.57,644.63,74671.0
2025-08-29 18:35:00+00:00,644.63,644.74,644.63,644.72,145281.0
2025-08-29 18:36:00+00:00,644.72,644.72,644.6101,644.62,66828.0
2025-08-29 18:37:00+00:00,644.615,644.72,644.615,644.7,73125.0
2025-08-29 18:38:00+00:00,644.7,644.7,644.53,644.575,74824.0
2025-08-29 18:39:00+00:00,644.575,644.575,644.45,644.47,76561.0
2025-08-29 18:40:00+00:00,644.48,644.52,644.345,644.44,66467.0
2025-08-29 18:41:00+00:00,644.44,644.53,644.43,644.5,52873.0
2025-08-29 18:42:00+00:00,644.49,644.5451,644.34,644.355,52515.0
2025-08-29 18:43:00+00:00,644.35,644.38,644.32,644.35,48436.0
2025-08-29 18:44:00+00:00,644.36,644.37,644.265,644.27,50975.0
2025-08-29 18:45:00+00:00,644.27,644.45,644.27,644.42,59486.0
2025-08-29 18:46:00+00:00,644.41,644.43,644.31,644.345,63232.0
2025-08-29 18:47:00+00:00,644.35,644.48,644.34,644.42,58677.0
2025-08-29 18:48:00+00:00,644.41,644.445,644.365,644.37,43423.0
2025-08-29 18:49:00+00:00,644.39,644.4,644.36,644.365,46115.0
2025-08-29 18:50:00+00:00,644.37,644.43,644.3,644.36,53329.0
2025-08-29 18:51:00+00:00,644.35,644.35,644.1721,644.195,115981.0
2025-08-29 18:52:00+00:00,644.195,644.405,644.18,644.405,73547.0
2025-08-29 18:53:00+00:00,644.4,644.4,644.32,644.35,91935.0
2025-08-29 18:54:00+00:00,644.34,644.44,644.325,644.39,50254.0
2025-08-29 18:55:00+00:00,644.38,644.4054,644.245,644.28,77933.0
2025-08-29 18:56:00+00:00,644.2751,644.39,644.26,644.385,184773.0
2025-08-29 18:57:00+00:00,644.37,644.45,644.315,644.44,74379.0
2025-08-29 18:58:00+00:00,644.44,644.44,644.37,644.4114,52183.0
2025-08-29 18:59:00+00:00,644.41,644.5,644.405,644.49,53749.0
2025-08-29 19:00:00+00:00,644.49,644.51,644.31,644.31,135686.0
2025-08-29 19:01:00+00:00,644.32,644.5297,644.305,644.51,163997.0
2025-08-29 19:02:00+00:00,644.5,644.5,644.375,644.46,105515.0
2025-08-29 19:03:00+00:00,644.45,644.568,644.45,644.56,116864.0
2025-08-29 19:04:00+00:00,644.55,644.605,644.53,644.585,96392.0
2025-08-29 19:05:00+00:00,644.585,644.71,644.585,644.6,173599.0
2025-08-29 19:06:00+00:00,644.6,644.74,644.55,644.7001,132309.0
2025-08-29 19:07:00+00:00,644.695,644.775,644.695,644.71,220035.0
2025-08-29 19:08:00+00:00,644.71,644.8312,644.68,644.8,117204.0
2025-08-29 19:09:00+00:00,644.8,644.8,644.66,644.685,110012.0
2025-08-29 19:10:00+00:00,644.69,644.78,644.68,644.77,84222.0
2025-08-29 19:11:00+00:00,644.78,644.8,644.545,644.55,105806.0
2025-08-29 19:12:00+00:00,644.55,644.71,644.55,644.665,112775.0
2025-08-29 19:13:00+00:00,644.6665,644.67,644.53,644.56,92404.0
2025-08-29 19:14:00+00:00,644.57,644.6454,644.56,644.61,99666.0
2025-08-29 19:15:00+00:00,644.605,644.695,644.59,644.685,65076.0
2025-08-29 19:16:00+00:00,644.68,644.77,644.655,644.74,109345.0
2025-08-29 19:17:00+00:00,644.735,644.79,644.715,644.755,109465.0
2025-08-29 19:18:00+00:00,644.755,644.77,644.705,644.755,107088.0
2025-08-29 19:19:00+00:00,644.762,644.855,644.7264,644.835,537456.0
2025-08-29 19:20:00+00:00,644.8358,644.915,644.81,644.915,127802.0
2025-08-29 19:21:00+00:00,644.9,644.99,644.875,644.935,190470.0
2025-08-29 19:22:00+00:00,644.935,644.935,644.71,644.74,122977.0
2025-08-29 19:23:00+00:00,644.74,644.755,644.63,644.67,197021.0
2025-08-29 19:24:00+00:00,644.68,644.815,644.65,644.78,141570.0
2025-08-29 19:25:00+00:00,644.77,644.8,644.665,644.71,103261.0
2025-08-29 19:26:00+00:00,644.71,644.7758,644.67,644.685,346229.0
2025-08-29 19:27:00+00:00,644.68,644.68,644.49,644.5127,119358.0
2025-08-29 19:28:00+00:00,644.51,644.62,644.495,644.51,92519.0
2025-08-29 19:29:00+00:00,644.51,644.6,644.37,644.58,171248.0
2025-08-29 19:30:00+00:00,644.58,644.8,644.57,644.745,450233.0
2025-08-29 19:31:00+00:00,644.745,644.78,644.605,644.61,165054.0
2025-08-29 19:32:00+00:00,644.61,644.71,644.53,644.54,138539.0
2025-08-29 19:33:00+00:00,644.55,644.62,644.525,644.62,199908.0
2025-08-29 19:34:00+00:00,644.63,644.63,644.43,644.43,224018.0
2025-08-29 19:35:00+00:00,644.44,644.48,644.12,644.145,471002.0
2025-08-29 19:36:00+00:00,644.14,644.24,644.08,644.22,305825.0
2025-08-29 19:37:00+00:00,644.21,644.38,644.21,644.31,189760.0
2025-08-29 19:38:00+00:00,644.31,644.4155,644.22,644.36,182437.0
2025-08-29 19:39:00+00:00,644.35,644.48,644.35,644.435,345931.0
2025-08-29 19:40:00+00:00,644.44,644.482,644.36,644.41,137270.0
2025-08-29 19:41:00+00:00,644.412,644.65,644.412,644.59,286968.0
2025-08-29 19:42:00+00:00,644.59,644.74,644.57,644.67,142460.0
2025-08-29 19:43:00+00:00,644.66,644.8,644.65,644.795,195875.0
2025-08-29 19:44:00+00:00,644.805,644.89,644.76,644.78,233030.0
2025-08-29 19:45:00+00:00,644.77,644.835,644.6846,644.725,350059.0
2025-08-29 19:46:00+00:00,644.73,644.85,644.715,644.83,385849.0
2025-08-29 19:47:00+00:00,644.82,645.13,644.76,645.13,395018.0
2025-08-29 19:48:00+00:00,645.13,645.14,644.76,644.78,479362.0
2025-08-29 19:49:00+00:00,644.78,644.835,644.52,644.61,520873.0
2025-08-29 19:50:00+00:00,644.61,644.78,644.05,644.05,705273.0
2025-08-29 19:51:00+00:00,644.05,644.1899,643.92,644.02,689437.0
2025-08-29 19:52:00+00:00,644.02,644.31,644.0,644.295,652313.0
2025-08-29 19:53:00+00:00,644.3,644.33,644.03,644.045,542410.0
2025-08-29 19:54:00+00:00,644.04,644.18,643.8,643.87,572062.0
2025-08-29 19:55:00+00:00,643.86,644.185,643.76,644.08,703861.0
2025-08-29 19:56:00+00:00,644.08,644.26,644.05,644.225,680797.0
2025-08-29 19:57:00+00:00,644.23,644.78,644.23,644.645,1168127.0
2025-08-29 19:58:00+00:00,644.645,644.81,644.44,644.735,1545918.0
2025-08-29 19:59:00+00:00,644.74,645.04,644.12,645.04,3401487.0
2025-08-29 20:00:00+00:00,645.03,645.4,644.84,644.84,2325968.0
2025-08-29 20:01:00+00:00,644.84,644.98,644.78,644.97,387299.0
2025-08-29 20:02:00+00:00,644.94,645.16,644.93,645.15,123316.0
2025-08-29 20:03:00+00:00,645.16,645.2,644.87,644.87,83409.0
2025-08-29 20:04:00+00:00,644.88,644.99,644.84,644.88,172714.0
2025-08-29 20:05:00+00:00,644.87,644.92,644.79,644.82,30169.0
2025-08-29 20:06:00+00:00,644.84,644.85,644.69,644.82,100834.0
2025-08-29 20:07:00+00:00,644.8,644.8,644.5,644.73,61833.0
2025-08-29 20:08:00+00:00,644.73,644.76,644.69,644.69,51036.0
2025-08-29 20:09:00+00:00,644.69,644.75,644.69,644.73,22632.0
2025-08-29 20:10:00+00:00,644.73,644.75,644.66,644.67,17491.0
2025-08-29 20:11:00+00:00,644.67,644.6942,644.63,644.64,22637.0
2025-08-29 20:12:00+00:00,644.65,644.73,644.61,644.71,29429.0
2025-08-29 20:13:00+00:00,644.72,644.76,644.64,644.76,359847.0
2025-08-29 20:14:00+00:00,644.77,644.97,644.77,644.97,3276131.0
2025-08-29 20:15:00+00:00,644.99,644.99,644.8,644.8101,507351.0
2025-08-29 20:16:00+00:00,644.89,644.91,644.84,644.84,2731.0
2025-08-29 20:17:00+00:00,644.84,644.86,644.7699,644.77,5690.0
2025-08-29 20:18:00+00:00,644.78,644.85,644.77,644.83,1964.0
2025-08-29 20:19:00+00:00,644.84,644.89,644.82,644.89,7931.0
2025-08-29 20:20:00+00:00,644.89,644.92,644.89,644.92,5666.0
2025-08-29 20:21:00+00:00,644.92,644.93,644.88,644.92,143345.0
2025-08-29 20:22:00+00:00,644.93,645.06,644.93,645.044,16994.0
2025-08-29 20:23:00+00:00,645.04,645.05,645.01,645.01,17812.0
2025-08-29 20:24:00+00:00,645.03,645.05,645.01,645.05,18425.0
2025-08-29 20:25:00+00:00,645.01,645.01,644.9,644.9,28046.0
2025-08-29 20:26:00+00:00,644.92,644.95,644.89,644.91,6113.0
2025-08-29 20:27:00+00:00,644.91,644.91,644.86,644.88,16633.0
2025-08-29 20:28:00+00:00,644.88,644.91,644.88,644.91,2425.0
2025-08-29 20:29:00+00:00,644.91,644.91,644.9,644.9,2555.0
2025-08-29 20:30:00+00:00,644.95,644.95,644.9,644.91,4749.0
2025-08-29 20:31:00+00:00,644.93,644.93,644.9,644.9,2007.0
2025-08-29 20:32:00+00:00,644.8902,644.9,644.89,644.89,4146.0
2025-08-29 20:33:00+00:00,644.9199,644.9199,644.88,644.88,13316.0
2025-08-29 20:34:00+00:00,644.88,644.92,644.88,644.92,188170.0
2025-08-29 20:35:00+00:00,644.94,644.98,644.94,644.98,8404.0
2025-08-29 20:36:00+00:00,644.98,644.98,644.97,644.97,127880.0
2025-08-29 20:37:00+00:00,644.98,644.98,644.94,644.96,14453.0
2025-08-29 20:38:00+00:00,644.96,644.96,644.93,644.93,11373.0
2025-08-29 20:39:00+00:00,644.9316,644.9316,644.9,644.9,3930.0
2025-08-29 20:40:00+00:00,644.93,644.93,644.93,644.93,1620.0
2025-08-29 20:41:00+00:00,644.89,644.91,644.89,644.9,2554.0
2025-08-29 20:42:00+00:00,644.95,644.95,644.95,644.95,1187.0
2025-08-29 20:43:00+00:00,644.89,644.89,644.87,644.89,734.0
2025-08-29 20:44:00+00:00,644.88,644.89,644.83,644.8699,7131.0
2025-08-29 20:45:00+00:00,644.86,644.89,644.86,644.89,1082.0
2025-08-29 20:46:00+00:00,644.89,644.89,644.89,644.89,636.0
2025-08-29 20:47:00+00:00,644.88,644.88,644.87,644.87,3626.0
2025-08-29 20:48:00+00:00,644.86,644.87,644.84,644.85,53461.0
2025-08-29 20:49:00+00:00,644.85,644.9,644.85,644.9,50239.0
2025-08-29 20:50:00+00:00,644.94,644.97,644.9102,644.96,8110.0
2025-08-29 20:51:00+00:00,644.97,645.02,644.97,645.01,3048.0
2025-08-29 20:52:00+00:00,645.0,645.0,644.97,644.98,4863.0
2025-08-29 20:53:00+00:00,645.03,645.08,644.95,645.03,100214.0
2025-08-29 20:54:00+00:00,645.03,645.07,644.95,645.06,75211.0
2025-08-29 20:55:00+00:00,645.06,645.07,645.0,645.06,164206.0
2025-08-29 20:56:00+00:00,645.0605,645.07,645.0,645.0,155419.0
2025-08-29 20:57:00+00:00,645.0,645.01,644.95,645.0,163236.0
2025-08-29 20:58:00+00:00,644.99,645.0,644.96,644.96,9920.0
2025-08-29 20:59:00+00:00,644.97,644.97,644.9,644.94,17931.0
2025-08-29 21:03:00+00:00,644.91,644.91,644.91,644.91,274.0
2025-08-29 21:04:00+00:00,644.94,644.94,644.94,644.94,402.0
2025-08-29 21:05:00+00:00,644.94,644.97,644.94,644.97,8739.0
2025-08-29 21:06:00+00:00,644.96,644.96,644.96,644.96,704.0
2025-08-29 21:07:00+00:00,644.9892,644.99,644.98,644.9892,9469.0
2025-08-29 21:09:00+00:00,644.99,645.0,644.99,645.0,3949.0
2025-08-29 21:10:00+00:00,645.01,645.04,645.0,645.04,3225.0
2025-08-29 21:13:00+00:00,645.01,645.01,645.0,645.0,1133.0
2025-08-29 21:14:00+00:00,644.99,645.0,644.99,645.0,1651.0
2025-08-29 21:16:00+00:00,644.97,644.98,644.97,644.98,617.0
2025-08-29 21:17:00+00:00,644.9818,644.9818,644.98,644.98,415.0
2025-08-29 21:18:00+00:00,644.97,644.98,644.97,644.97,1774.0
2025-08-29 21:19:00+00:00,644.97,644.98,644.97,644.98,812.0
2025-08-29 21:20:00+00:00,645.02,645.02,645.02,645.02,213.0
2025-08-29 21:21:00+00:00,644.99,645.0,644.99,645.0,1618.0
2025-08-29 21:22:00+00:00,645.0,645.02,645.0,645.02,2020.0
2025-08-29 21:23:00+00:00,645.03,645.04,645.01,645.01,7740.0
2025-08-29 21:24:00+00:00,645.01,645.03,645.01,645.03,3807.0
2025-08-29 21:25:00+00:00,645.04,645.04,645.02,645.02,5238.0
2025-08-29 21:26:00+00:00,645.01,645.03,645.01,645.03,2007.0
2025-08-29 21:27:00+00:00,645.03,645.06,644.96,644.96,29086.0
2025-08-29 21:28:00+00:00,644.9658,644.9658,644.9658,644.9658,149.0
2025-08-29 21:29:00+00:00,645.05,645.1,645.0201,645.06,116695.0
2025-08-29 21:30:00+00:00,645.03,645.03,644.99,645.0,2646.0
2025-08-29 21:31:00+00:00,645.03,645.03,644.99,644.99,12021.0
2025-08-29 21:32:00+00:00,645.0,645.0,645.0,645.0,897.0
2025-08-29 21:33:00+00:00,645.0,645.0,645.0,645.0,187.0
2025-08-29 21:34:00+00:00,645.02,645.02,645.0,645.0,1502.0
2025-08-29 21:35:00+00:00,645.04,645.04,645.04,645.04,631.0
2025-08-29 21:36:00+00:00,644.96,644.96,644.96,644.96,3176.0
2025-08-29 21:38:00+00:00,645.0,645.0,645.0,645.0,11996.0
2025-08-29 21:39:00+00:00,645.06,645.06,645.05,645.05,793.0
2025-08-29 21:40:00+00:00,645.07,645.2399,645.07,645.2399,2214.0
2025-08-29 21:41:00+00:00,645.16,645.2,645.16,645.2,910.0
2025-08-29 21:42:00+00:00,645.22,645.29,645.22,645.25,2423.0
2025-08-29 21:43:00+00:00,645.27,645.3,645.26,645.28,2302.0
2025-08-29 21:44:00+00:00,645.4,645.4,645.3401,645.4,6067.0
2025-08-29 21:45:00+00:00,645.3502,645.37,645.35,645.35,1843.0
2025-08-29 21:46:00+00:00,645.34,645.3499,645.32,645.32,2182.0
2025-08-29 21:47:00+00:00,645.27,645.27,645.27,645.27,360.0
2025-08-29 21:48:00+00:00,645.31,645.31,645.25,645.25,1068.0
2025-08-29 21:49:00+00:00,645.3,645.34,645.3,645.34,2000.0
2025-08-29 21:50:00+00:00,645.34,645.47,645.33,645.4699,2040.0
2025-08-29 21:51:00+00:00,645.47,645.4999,645.44,645.44,1412.0
2025-08-29 21:52:00+00:00,645.45,645.45,645.41,645.41,1319.0
2025-08-29 21:53:00+00:00,645.4198,645.42,645.39,645.42,1967.0
2025-08-29 21:54:00+00:00,645.41,645.41,645.39,645.39,1307.0
2025-08-29 21:55:00+00:00,645.39,645.39,645.37,645.37,866.0
2025-08-29 21:56:00+00:00,645.31,645.32,645.3,645.3,869.0
2025-08-29 21:57:00+00:00,645.3114,645.34,645.3114,645.34,627.0
2025-08-29 21:58:00+00:00,645.32,645.35,645.27,645.27,3851.0
2025-08-29 21:59:00+00:00,645.27,645.27,645.23,645.23,3496.0
2025-08-29 22:00:00+00:00,645.25,645.25,645.25,645.25,1292.0
2025-08-29 22:02:00+00:00,645.23,645.28,645.1988,645.1988,2026.0
2025-08-29 22:03:00+00:00,645.14,645.14,645.0,645.0,1534.0
2025-08-29 22:04:00+00:00,644.9,645.09,644.9,645.09,3142.0
2025-08-29 22:05:00+00:00,645.09,645.2199,645.09,645.2199,809.0
2025-08-29 22:06:00+00:00,645.2,645.2,645.05,645.09,2042.0
2025-08-29 22:07:00+00:00,645.08,645.08,645.04,645.04,660.0
2025-08-29 22:08:00+00:00,645.02,645.02,645.02,645.02,3078.0
2025-08-29 22:09:00+00:00,644.93,644.94,644.93,644.94,617.0
2025-08-29 22:10:00+00:00,644.85,644.9,644.85,644.9,1120.0
2025-08-29 22:11:00+00:00,644.89,644.89,644.89,644.89,555.0
2025-08-29 22:12:00+00:00,644.9499,644.9499,644.89,644.89,1283.0
2025-08-29 22:13:00+00:00,644.89,644.93,644.89,644.93,458.0
2025-08-29 22:14:00+00:00,644.89,644.89,644.89,644.89,197.0
2025-08-29 22:15:00+00:00,644.91,644.91,644.87,644.87,1273.0
2025-08-29 22:16:00+00:00,644.88,644.88,644.84,644.85,2156.0
2025-08-29 22:19:00+00:00,644.94,644.94,644.94,644.94,686.0
2025-08-29 22:20:00+00:00,644.96,644.9999,644.95,644.9999,1570.0
2025-08-29 22:21:00+00:00,644.99,645.0,644.98,645.0,2406.0
2025-08-29 22:24:00+00:00,644.9,644.9,644.9,644.9,673.0
2025-08-29 22:28:00+00:00,645.02,645.04,645.02,645.04,470.0
2025-08-29 22:29:00+00:00,645.0497,645.0497,645.0497,645.0497,279.0
2025-08-29 22:31:00+00:00,644.97,644.97,644.97,644.97,1055.0
2025-08-29 22:32:00+00:00,645.03,645.04,645.03,645.04,1003.0
2025-08-29 22:33:00+00:00,645.04,645.04,645.04,645.04,443.0
2025-08-29 22:34:00+00:00,645.03,645.04,645.011,645.04,1092.0
2025-08-29 22:35:00+00:00,645.01,645.03,645.01,645.03,360.0
2025-08-29 22:36:00+00:00,645.0299,645.0299,645.0299,645.0299,235.0
2025-08-29 22:37:00+00:00,645.03,645.03,645.03,645.03,550.0
2025-08-29 22:39:00+00:00,645.01,645.01,645.01,645.01,563.0
2025-08-29 22:40:00+00:00,645.0,645.01,645.0,645.0,1494.0
2025-08-29 22:43:00+00:00,645.01,645.01,645.01,645.01,211.0
2025-08-29 22:44:00+00:00,645.01,645.02,645.01,645.02,1125.0
2025-08-29 22:45:00+00:00,645.03,645.03,645.03,645.03,366.0
2025-08-29 22:47:00+00:00,645.03,645.03,645.03,645.03,454.0
2025-08-29 22:48:00+00:00,645.04,645.04,645.04,645.04,687.0
2025-08-29 22:52:00+00:00,645.0,645.01,645.0,645.01,688.0
2025-08-29 22:54:00+00:00,645.01,645.02,645.01,645.02,357.0
2025-08-29 22:56:00+00:00,645.0,645.01,645.0,645.01,382.0
2025-08-29 22:57:00+00:00,645.0018,645.0018,645.0018,645.0018,163.0
2025-08-29 22:58:00+00:00,645.01,645.01,645.01,645.01,146.0
2025-08-29 22:59:00+00:00,645.02,645.02,645.02,645.02,255.0
2025-08-29 23:00:00+00:00,645.01,645.01,645.01,645.01,293.0
2025-08-29 23:02:00+00:00,644.99,644.99,644.99,644.99,548.0
2025-08-29 23:03:00+00:00,645.07,645.07,645.07,645.07,205.0
2025-08-29 23:09:00+00:00,645.0699,645.0699,645.0699,645.0699,351.0
2025-08-29 23:18:00+00:00,645.04,645.04,645.04,645.04,249.0
2025-08-29 23:22:00+00:00,645.0,645.0,645.0,645.0,560.0
2025-08-29 23:23:00+00:00,645.02,645.02,645.02,645.02,212.0
2025-08-29 23:25:00+00:00,645.03,645.03,645.03,645.03,148.0
2025-08-29 23:27:00+00:00,645.04,645.04,645.02,645.02,548.0
2025-08-29 23:30:00+00:00,645.0,645.07,645.0,645.07,1287.0
2025-08-29 23:32:00+00:00,645.06,645.06,645.06,645.06,274.0
2025-08-29 23:36:00+00:00,645.03,645.03,645.02,645.02,1121.0
2025-08-29 23:39:00+00:00,645.0,645.0,645.0,645.0,433.0
2025-08-29 23:40:00+00:00,645.0,645.07,645.0,645.07,554.0
2025-08-29 23:41:00+00:00,645.0,645.0001,645.0,645.0001,1063.0
2025-08-29 23:42:00+00:00,644.9937,644.9937,644.9937,644.9937,178.0
2025-08-29 23:43:00+00:00,644.9306,644.9306,644.93,644.93,2622.0
2025-08-29 23:44:00+00:00,645.0,645.0,645.0,645.0,320.0
2025-08-29 23:50:00+00:00,644.9509,644.9509,644.9509,644.9509,431.0
2025-08-29 23:51:00+00:00,644.95,644.9501,644.94,644.94,1178.0
2025-08-29 23:52:00+00:00,644.94,644.94,644.91,644.94,1100.0
2025-08-29 23:53:00+00:00,644.94,644.95,644.94,644.95,2130.0
2025-08-29 23:54:00+00:00,644.93,644.93,644.91,644.91,822.0
2025-08-29 23:55:00+00:00,644.93,644.93,644.93,644.93,542.0
2025-08-29 23:56:00+00:00,644.93,644.95,644.93,644.95,340.0
2025-08-29 23:57:00+00:00,644.95,644.95,644.92,644.95,956.0
2025-08-29 23:58:00+00:00,644.94,644.94,644.94,644.94,376.0
2025-08-29 23:59:00+00:00,644.95,645.03,644.95,644.95,11798.0
