timestamp,open,high,low,close,volume,vwap,transactions
2025-08-29 04:00:00,647.89,648.48,647.79,647.84,3341.0,647.8737,62
2025-08-29 04:01:00,647.98,648.01,647.98,648.01,651.0,648.0081,25
2025-08-29 04:02:00,648.0,648.02,647.99,648.02,1389.0,648.0007,44
2025-08-29 04:03:00,647.93,647.93,647.93,647.93,323.0,647.9352,19
2025-08-29 04:04:00,647.86,647.87,647.72,647.72,2481.0,647.8183,42
2025-08-29 04:05:00,647.7,647.7,647.67,647.67,927.0,647.6814,27
2025-08-29 04:06:00,647.64,647.65,647.64,647.65,452.0,647.6428,17
2025-08-29 04:07:00,647.7,647.7,647.7,647.7,662.0,647.6944,19
2025-08-29 04:08:00,647.7,647.7,647.62,647.62,650.0,647.6439,18
2025-08-29 04:09:00,647.6,647.6,647.6,647.6,1307.0,647.5999,31
2025-08-29 04:10:00,647.61,647.61,647.58,647.58,743.0,647.5967,28
2025-08-29 04:11:00,647.52,647.52,647.5,647.5,1419.0,647.5124,23
2025-08-29 04:12:00,647.5,647.5,647.5,647.5,2332.0,647.497,38
2025-08-29 04:13:00,647.48,647.48,647.43,647.43,1185.0,647.4545,30
2025-08-29 04:14:00,647.37,647.37,647.37,647.37,388.0,647.369,16
2025-08-29 04:15:00,647.33,647.33,647.33,647.33,574.0,647.3844,18
2025-08-29 04:16:00,647.31,647.31,647.31,647.31,502.0,647.336,16
2025-08-29 04:17:00,647.44,647.48,647.44,647.47,2355.0,647.4624,47
2025-08-29 04:18:00,647.53,647.53,647.5,647.5,445.0,647.5067,9
2025-08-29 04:19:00,647.45,647.45,647.45,647.45,312.0,647.4462,11
2025-08-29 04:20:00,647.34,647.44,647.34,647.44,726.0,647.4029,22
2025-08-29 04:21:00,647.48,647.5,647.48,647.5,761.0,647.4879,16
2025-08-29 04:23:00,647.52,647.52,647.52,647.52,283.0,647.5056,10
2025-08-29 04:26:00,647.51,647.51,647.51,647.51,269.0,647.5305,8
2025-08-29 04:27:00,647.5,647.5,647.46,647.46,465.0,647.5056,16
2025-08-29 04:28:00,647.53,647.53,647.53,647.53,500.0,647.528,9
2025-08-29 04:29:00,647.55,647.55,647.55,647.55,255.0,647.5417,7
2025-08-29 04:31:00,647.52,647.52,647.51,647.51,237.0,647.5165,9
2025-08-29 04:33:00,647.64,647.64,647.64,647.64,143.0,647.6329,5
2025-08-29 04:35:00,647.6,647.6,647.6,647.6,305.0,647.5995,6
2025-08-29 04:37:00,647.6,647.6,647.52,647.57,1146.0,647.5513,19
2025-08-29 04:39:00,647.54,647.54,647.54,647.54,598.0,647.5382,14
2025-08-29 04:40:00,647.44,647.44,647.44,647.44,232.0,647.4632,14
2025-08-29 04:43:00,647.5,647.52,647.5,647.52,407.0,647.5077,12
2025-08-29 04:47:00,647.35,647.35,647.35,647.35,106.0,647.3509,4
2025-08-29 04:50:00,647.39,647.39,647.39,647.39,553.0,647.3923,17
2025-08-29 04:51:00,647.38,647.38,647.15,647.15,6477.0,647.2781,133
2025-08-29 04:52:00,647.13,647.16,647.08,647.08,2247.0,647.1286,44
2025-08-29 04:54:00,647.1,647.14,647.0,647.13,3132.0,647.0804,65
2025-08-29 04:55:00,647.14,647.14,647.14,647.14,606.0,647.1119,18
2025-08-29 04:56:00,647.01,647.01,646.95,647.01,6195.0,646.9934,95
2025-08-29 04:57:00,646.9,646.97,646.9,646.97,1737.0,646.9447,27
2025-08-29 04:58:00,646.93,646.93,646.88,646.88,1099.0,646.8964,18
2025-08-29 04:59:00,646.86,646.86,646.86,646.86,475.0,646.8522,19
2025-08-29 05:00:00,646.97,646.98,646.83,646.84,1198.0,646.9074,20
2025-08-29 05:01:00,646.81,646.81,646.8,646.8,2090.0,646.8009,29
2025-08-29 05:02:00,646.71,646.71,646.52,646.52,3017.0,646.6454,69
2025-08-29 05:04:00,646.84,646.84,646.84,646.84,289.0,646.7854,18
2025-08-29 05:05:00,646.83,646.83,646.83,646.83,591.0,646.8316,5
2025-08-29 05:06:00,646.87,646.88,646.87,646.88,643.0,646.894,20
2025-08-29 05:07:00,646.87,646.87,646.86,646.86,712.0,646.8666,13
2025-08-29 05:08:00,646.79,646.79,646.75,646.75,901.0,646.7703,11
2025-08-29 05:09:00,646.96,646.96,646.96,646.96,243.0,646.9239,9
2025-08-29 05:10:00,646.88,646.91,646.86,646.91,2637.0,646.8858,31
2025-08-29 05:11:00,646.93,647.0,646.93,647.0,1312.0,646.9632,41
2025-08-29 05:15:00,647.14,647.14,647.08,647.08,686.0,647.0934,17
2025-08-29 05:16:00,647.08,647.13,647.08,647.12,2826.0,647.1138,35
2025-08-29 05:18:00,647.08,647.08,647.05,647.05,1407.0,647.0696,21
2025-08-29 05:23:00,647.17,647.18,647.16,647.18,1078.0,647.1694,18
2025-08-29 05:25:00,647.19,647.19,647.19,647.19,313.0,647.175,7
2025-08-29 05:26:00,647.19,647.19,647.15,647.15,670.0,647.1641,4
2025-08-29 05:27:00,647.13,647.13,647.13,647.13,103.0,647.1303,2
2025-08-29 05:30:00,647.21,647.21,647.21,647.21,224.0,647.2067,7
2025-08-29 05:32:00,647.21,647.22,647.21,647.22,1039.0,647.2191,15
2025-08-29 05:33:00,647.24,647.24,647.24,647.24,245.0,647.2353,4
2025-08-29 05:34:00,647.14,647.22,647.14,647.22,3141.0,647.192,35
2025-08-29 05:35:00,647.24,647.24,647.24,647.24,415.0,647.2489,10
2025-08-29 05:37:00,647.27,647.27,647.27,647.27,638.0,647.2675,14
2025-08-29 05:38:00,647.27,647.27,647.26,647.26,266.0,647.2633,5
2025-08-29 05:39:00,647.26,647.26,647.26,647.26,152.0,647.2607,6
2025-08-29 05:42:00,647.22,647.22,647.17,647.21,3265.0,647.2062,40
2025-08-29 05:44:00,647.18,647.18,647.18,647.18,618.0,647.18,13
2025-08-29 05:48:00,647.34,647.34,647.32,647.32,610.0,647.331,9
2025-08-29 05:49:00,647.34,647.34,647.3,647.3,834.0,647.3338,9
2025-08-29 05:50:00,647.22,647.22,647.22,647.22,536.0,647.2219,6
2025-08-29 05:52:00,647.27,647.27,647.27,647.27,591.0,647.2745,10
2025-08-29 05:56:00,647.26,647.27,647.26,647.27,700.0,647.2614,12
2025-08-29 05:57:00,647.23,647.23,647.23,647.23,148.0,647.2363,8
2025-08-29 05:59:00,647.18,647.19,647.18,647.18,2028.0,647.1815,22
2025-08-29 06:00:00,647.1,647.11,647.1,647.11,1485.0,647.1036,33
2025-08-29 06:02:00,647.02,647.02,647.02,647.02,866.0,647.0209,10
2025-08-29 06:03:00,647.02,647.02,646.95,646.99,2459.0,646.9752,40
2025-08-29 06:04:00,647.1,647.14,647.1,647.14,1178.0,647.1068,14
2025-08-29 06:10:00,647.18,647.33,647.18,647.33,219.0,647.2515,7
2025-08-29 06:12:00,647.39,647.39,647.39,647.39,369.0,647.3767,9
2025-08-29 06:13:00,647.31,647.32,647.3,647.32,1064.0,647.3126,22
2025-08-29 06:14:00,647.29,647.3,647.29,647.3,1031.0,647.2951,21
2025-08-29 06:15:00,647.21,647.21,647.21,647.21,223.0,647.2099,4
2025-08-29 06:18:00,647.25,647.25,647.25,647.25,726.0,647.2493,16
2025-08-29 06:23:00,647.24,647.24,647.24,647.24,311.0,647.2379,7
2025-08-29 06:24:00,647.22,647.22,647.22,647.22,143.0,647.2204,5
2025-08-29 06:28:00,647.25,647.25,647.25,647.25,459.0,647.267,14
2025-08-29 06:29:00,647.25,647.25,647.25,647.25,322.0,647.2516,9
2025-08-29 06:30:00,647.28,647.28,647.21,647.21,1581.0,647.2522,25
2025-08-29 06:31:00,647.13,647.13,647.11,647.12,942.0,647.1374,29
2025-08-29 06:32:00,647.19,647.19,647.12,647.12,955.0,647.1475,23
2025-08-29 06:33:00,647.13,647.16,647.13,647.16,655.0,647.1492,17
2025-08-29 06:35:00,647.21,647.21,647.2,647.2,1115.0,647.2056,8
2025-08-29 06:36:00,647.1,647.1,647.1,647.1,554.0,647.0995,7
2025-08-29 06:37:00,647.12,647.12,647.1,647.1,350.0,647.1139,8
2025-08-29 06:38:00,647.15,647.16,647.12,647.12,1451.0,647.1408,24
2025-08-29 06:40:00,647.14,647.14,647.14,647.14,535.0,647.1422,9
2025-08-29 06:41:00,647.1,647.1,647.1,647.1,501.0,647.1,3
2025-08-29 06:43:00,647.07,647.07,647.07,647.07,250.0,647.0729,6
2025-08-29 06:44:00,647.02,647.06,647.0,647.06,27588.0,647.0525,130
2025-08-29 06:45:00,647.06,647.13,647.06,647.13,1013.0,647.0868,18
2025-08-29 06:46:00,647.14,647.14,647.14,647.14,146.0,647.1465,5
2025-08-29 06:49:00,647.02,647.05,647.02,647.05,1120.0,647.0315,21
2025-08-29 06:51:00,647.14,647.15,647.14,647.15,883.0,647.1459,15
2025-08-29 06:52:00,647.15,647.19,647.11,647.19,8391.0,647.1472,98
2025-08-29 06:53:00,647.17,647.17,647.14,647.17,8645.0,647.1531,50
2025-08-29 06:54:00,647.15,647.15,647.12,647.12,13341.0,647.1496,45
2025-08-29 06:56:00,646.9,647.0,646.9,647.0,925.0,646.9569,28
2025-08-29 06:57:00,647.07,647.07,647.07,647.07,349.0,647.0937,18
2025-08-29 06:58:00,647.11,647.11,647.0,647.0,6116.0,647.0204,86
2025-08-29 06:59:00,647.05,647.05,647.05,647.05,5397.0,647.0497,67
2025-08-29 07:00:00,647.04,647.13,647.03,647.1,5614.0,647.0932,114
2025-08-29 07:01:00,647.1,647.11,647.1,647.1,1153.0,647.101,26
2025-08-29 07:02:00,647.08,647.15,647.08,647.14,1210.0,647.1318,36
2025-08-29 07:03:00,647.12,647.23,647.12,647.2,2463.0,647.1992,60
2025-08-29 07:04:00,647.21,647.21,647.2,647.2,528.0,647.2061,23
2025-08-29 07:05:00,647.18,647.21,647.18,647.18,1824.0,647.2,33
2025-08-29 07:06:00,647.15,647.15,647.11,647.11,911.0,647.1118,32
2025-08-29 07:10:00,647.21,647.21,647.2,647.2,1024.0,647.2072,23
2025-08-29 07:11:00,647.22,647.31,647.22,647.31,26946.0,647.2546,156
2025-08-29 07:12:00,647.3,647.34,647.3,647.34,618.0,647.3285,14
2025-08-29 07:13:00,647.339,647.339,647.29,647.31,2619.0,647.3112,43
2025-08-29 07:14:00,647.339,647.34,647.31,647.33,1065.0,647.3315,20
2025-08-29 07:15:00,647.4,647.4,647.37,647.38,2886.0,647.3871,58
2025-08-29 07:16:00,647.34,647.34,647.32,647.33,858.0,647.3281,17
2025-08-29 07:17:00,647.34,647.34,647.34,647.34,588.0,647.334,12
2025-08-29 07:18:00,647.36,647.36,647.34,647.34,583.0,647.3508,12
2025-08-29 07:19:00,647.32,647.35,647.32,647.35,324.0,647.3306,9
2025-08-29 07:20:00,647.38,647.38,647.32,647.32,1331.0,647.348,25
2025-08-29 07:21:00,647.41,647.43,647.41,647.43,503.0,647.4194,9
2025-08-29 07:22:00,647.38,647.38,647.38,647.38,107.0,647.3803,4
2025-08-29 07:23:00,647.39,647.39,647.39,647.39,544.0,647.3974,12
2025-08-29 07:24:00,647.4,647.4,647.34,647.34,422.0,647.3715,10
2025-08-29 07:25:00,647.27,647.31,647.27,647.31,699.0,647.2878,20
2025-08-29 07:26:00,647.28,647.28,647.25,647.25,567.0,647.2667,13
2025-08-29 07:27:00,647.31,647.39,647.31,647.39,1276.0,647.341,24
2025-08-29 07:29:00,647.37,647.37,647.35,647.35,650.0,647.3483,9
2025-08-29 07:30:00,647.26,647.28,647.26,647.28,601.0,647.2735,17
2025-08-29 07:31:00,647.26,647.26,647.21,647.21,9189.0,647.2176,76
2025-08-29 07:32:00,647.23,647.25,647.23,647.25,6001.0,647.2472,78
2025-08-29 07:33:00,647.2,647.25,647.2,647.25,495.0,647.2108,11
2025-08-29 07:34:00,647.24,647.24,647.22,647.22,424.0,647.2282,6
2025-08-29 07:35:00,647.22,647.33,647.2,647.31,3216.0,647.2642,45
2025-08-29 07:36:00,647.21,647.21,647.21,647.21,264.0,647.2143,11
2025-08-29 07:37:00,647.23,647.23,647.16,647.16,1298.0,647.1876,26
2025-08-29 07:38:00,647.18,647.22,647.16,647.19,8429.0,647.1983,71
2025-08-29 07:40:00,647.16,647.22,647.14,647.2,3230.0,647.167,63
2025-08-29 07:41:00,647.28,647.3,647.28,647.3,1583.0,647.2883,34
2025-08-29 07:42:00,647.3,647.3,647.3,647.3,665.0,647.3021,13
2025-08-29 07:43:00,647.251,647.251,647.23,647.23,881.0,647.2513,13
2025-08-29 07:44:00,647.22,647.22,647.18,647.18,872.0,647.2032,17
2025-08-29 07:46:00,647.2,647.2,647.2,647.2,1385.0,647.1976,24
2025-08-29 07:47:00,647.18,647.2,647.15,647.16,3637.0,647.1643,48
2025-08-29 07:49:00,647.19,647.19,647.19,647.19,344.0,647.171,24
2025-08-29 07:50:00,647.1,647.1,647.05,647.05,4723.0,647.0817,69
2025-08-29 07:51:00,647.07,647.08,647.02,647.02,1535.0,647.0631,28
2025-08-29 07:52:00,647.04,647.05,647.04,647.04,713.0,647.0451,27
2025-08-29 07:53:00,647.02,647.06,647.02,647.06,811.0,647.0336,10
2025-08-29 07:54:00,647.1,647.14,647.07,647.14,4899.0,647.0832,45
2025-08-29 07:55:00,647.12,647.13,647.07,647.07,4297.0,647.1036,41
2025-08-29 07:56:00,647.14,647.14,647.07,647.08,4975.0,647.1115,30
2025-08-29 07:57:00,647.08,647.19,647.08,647.19,1851.0,647.1289,26
2025-08-29 07:58:00,647.17,647.24,647.16,647.21,5470.0,647.2069,61
2025-08-29 07:59:00,647.22,647.22,647.14,647.14,3361.0,647.1802,31
2025-08-29 08:00:00,647.18,648.8,646.87,647.14,63292.0,647.3203,1874
2025-08-29 08:01:00,648.3,648.35,647.14,647.1999,8241.0,647.9982,353
2025-08-29 08:02:00,647.2,647.22,647.15,647.15,7289.0,647.2037,118
2025-08-29 08:03:00,647.1,647.11,647.04,647.04,3182.0,647.0779,50
2025-08-29 08:04:00,647.01,647.05,646.97,646.97,9907.0,647.0091,131
2025-08-29 08:05:00,646.92,646.94,646.81,646.88,29246.0,646.8578,177
2025-08-29 08:06:00,646.8901,646.96,646.8901,646.9205,1206.0,646.9204,46
2025-08-29 08:07:00,646.92,647.0,646.92,647.0,1621.0,646.9599,38
2025-08-29 08:08:00,647.04,647.05,646.93,647.05,15138.0,646.9894,130
2025-08-29 08:09:00,646.98,647.01,646.97,647.0,4017.0,646.9893,82
2025-08-29 08:10:00,646.97,646.98,646.92,646.96,3417.0,646.9619,60
2025-08-29 08:11:00,646.92,646.95,646.92,646.95,7148.0,646.9308,80
2025-08-29 08:12:00,646.95,646.95,646.95,646.95,820.0,646.9526,36
2025-08-29 08:13:00,646.98,647.0,646.98,647.0,884.0,646.9948,23
2025-08-29 08:14:00,647.01,647.02,647.0,647.02,2186.0,647.0052,33
2025-08-29 08:15:00,647.05,647.16,647.05,647.12,14435.0,647.117,138
2025-08-29 08:16:00,647.13,647.2,647.13,647.16,20763.0,647.1827,168
2025-08-29 08:17:00,647.14,647.14,647.07,647.08,7637.0,647.0844,54
2025-08-29 08:18:00,647.02,647.19,647.0,647.19,7304.0,647.1115,80
2025-08-29 08:19:00,647.08,647.08,647.0,647.01,5074.0,647.0115,57
2025-08-29 08:20:00,647.0,647.08,646.98,647.03,31376.0,647.0082,302
2025-08-29 08:21:00,647.06,647.07,647.06,647.07,706.0,647.0704,35
2025-08-29 08:22:00,647.03,647.04,647.02,647.02,4863.0,647.0321,52
2025-08-29 08:23:00,647.06,647.12,646.99,647.05,15787.0,647.0626,226
2025-08-29 08:24:00,647.05,647.06,647.02,647.02,2114.0,647.0527,28
2025-08-29 08:25:00,647.02,647.06,646.98,647.05,10786.0,647.0418,71
2025-08-29 08:26:00,647.03,647.11,647.02,647.11,7373.0,647.1016,98
2025-08-29 08:27:00,647.1,647.21,647.1,647.15,14247.0,647.1589,129
2025-08-29 08:28:00,647.12,647.12,647.08,647.12,3815.0,647.0989,71
2025-08-29 08:29:00,647.12,647.12,647.0,647.0,5404.0,647.106,53
2025-08-29 08:30:00,647.1077,648.09,647.1077,647.88,92794.0,647.6265,451
2025-08-29 08:31:00,647.92,647.92,647.35,647.51,43409.0,647.5537,357
2025-08-29 08:32:00,647.49,647.75,647.47,647.7,63760.0,647.595,431
2025-08-29 08:33:00,647.7,647.78,647.56,647.75,30894.0,647.6761,203
2025-08-29 08:34:00,647.75,647.78,647.56,647.6,14811.0,647.6611,209
2025-08-29 08:35:00,647.69,647.75,647.57,647.59,7316.0,647.6646,103
2025-08-29 08:36:00,647.55,647.56,647.39,647.4005,12806.0,647.5723,138
2025-08-29 08:37:00,647.41,647.51,647.33,647.39,15012.0,647.4029,133
2025-08-29 08:38:00,647.4194,647.5299,647.38,647.44,4578.0,647.4437,76
2025-08-29 08:39:00,647.45,647.5,647.38,647.4683,5886.0,647.436,92
2025-08-29 08:40:00,647.45,647.5,647.42,647.4599,9515.0,647.4611,102
2025-08-29 08:41:00,647.4,647.5299,647.37,647.47,16065.0,647.4513,120
2025-08-29 08:42:00,647.4,647.4,647.25,647.3098,9895.0,647.3011,104
2025-08-29 08:43:00,647.31,647.52,647.31,647.48,4700.0,647.4602,80
2025-08-29 08:44:00,647.5099,647.52,647.42,647.5183,4893.0,647.465,91
2025-08-29 08:45:00,647.4691,647.56,647.45,647.52,6369.0,647.4794,81
2025-08-29 08:46:00,647.52,647.659,647.52,647.65,5539.0,647.6,70
2025-08-29 08:47:00,647.68,647.68,647.65,647.67,4030.0,647.6707,65
2025-08-29 08:48:00,647.64,647.65,647.62,647.65,1511.0,647.636,50
2025-08-29 08:49:00,647.68,647.68,647.68,647.68,1088.0,647.6748,33
2025-08-29 08:50:00,647.72,647.72,647.55,647.55,2139.0,647.6714,43
2025-08-29 08:51:00,647.53,647.6,647.5,647.6,6786.0,647.5735,85
2025-08-29 08:52:00,647.62,647.62,647.57,647.57,1442.0,647.6046,43
2025-08-29 08:53:00,647.65,647.65,647.62,647.62,1537.0,647.6422,46
2025-08-29 08:54:00,647.63,647.64,647.6192,647.64,1790.0,647.6237,36
2025-08-29 08:55:00,647.6,647.65,647.6,647.63,2348.0,647.6189,55
2025-08-29 08:56:00,647.58,647.65,647.57,647.64,5677.0,647.6039,82
2025-08-29 08:57:00,647.59,647.7,647.59,647.7,2261.0,647.6334,40
2025-08-29 08:58:00,647.68,647.68,647.65,647.65,2443.0,647.6754,36
2025-08-29 08:59:00,647.68,647.71,647.6401,647.7,1928.0,647.6765,40
2025-08-29 09:00:00,647.68,647.72,647.67,647.68,12849.0,647.6949,132
2025-08-29 09:01:00,647.6503,647.86,647.65,647.78,12585.0,647.8014,154
2025-08-29 09:02:00,647.76,647.77,647.7,647.7,2400.0,647.7352,42
2025-08-29 09:03:00,647.68,647.72,647.68,647.7,2295.0,647.7009,50
2025-08-29 09:04:00,647.68,647.75,647.67,647.75,4651.0,647.6896,73
2025-08-29 09:05:00,647.77,647.77,647.72,647.72,3254.0,647.7393,52
2025-08-29 09:06:00,647.71,647.71,647.65,647.71,4425.0,647.6818,88
2025-08-29 09:07:00,647.7,647.71,647.7,647.7,1207.0,647.6996,41
2025-08-29 09:08:00,647.68,647.7,647.67,647.67,2150.0,647.6825,66
2025-08-29 09:09:00,647.6216,647.63,647.62,647.6201,1823.0,647.6235,38
2025-08-29 09:10:00,647.65,647.65,647.65,647.65,246.0,647.6509,27
2025-08-29 09:11:00,647.6,647.6,647.58,647.58,1015.0,647.5896,74
2025-08-29 09:12:00,647.6,647.69,647.6,647.64,3776.0,647.6678,69
2025-08-29 09:13:00,647.61,647.61,647.58,647.6,1553.0,647.5961,83
2025-08-29 09:14:00,647.59,647.68,647.59,647.68,933.0,647.6352,77
2025-08-29 09:15:00,647.68,647.68,647.62,647.66,12472.0,647.656,165
2025-08-29 09:16:00,647.6999,647.7299,647.62,647.65,5075.0,647.6838,131
2025-08-29 09:17:00,647.67,647.7,647.52,647.52,10901.0,647.577,142
2025-08-29 09:19:00,647.58,647.6,647.47,647.47,2200.0,647.5179,99
2025-08-29 09:20:00,647.53,647.65,647.53,647.65,1467.0,647.5826,60
2025-08-29 09:21:00,647.7099,647.7599,647.7,647.7,7327.0,647.7289,124
2025-08-29 09:22:00,647.74,647.74,647.63,647.63,5550.0,647.6649,73
2025-08-29 09:23:00,647.62,647.65,647.55,647.55,2356.0,647.6142,79
2025-08-29 09:24:00,647.52,647.5797,647.52,647.5797,3510.0,647.5339,69
2025-08-29 09:25:00,647.57,647.87,647.55,647.85,7356.0,647.7453,118
2025-08-29 09:26:00,647.8703,647.96,647.84,647.91,10705.0,647.9129,154
2025-08-29 09:27:00,647.9101,647.92,647.77,647.79,10456.0,647.8467,166
2025-08-29 09:28:00,647.82,647.85,647.7,647.71,17874.0,647.7878,161
2025-08-29 09:29:00,647.68,647.68,647.37,647.47,57520.0,647.5035,359
2025-08-29 09:30:00,647.47,647.84,647.35,647.51,620274.0,647.538,7215
2025-08-29 09:31:00,647.5,647.7581,647.405,647.71,346616.0,647.5486,3440
2025-08-29 09:32:00,647.695,647.74,647.49,647.51,294232.0,647.6245,2925
2025-08-29 09:33:00,647.51,647.54,647.34,647.4694,245001.0,647.4446,2646
2025-08-29 09:34:00,647.46,647.5,647.285,647.41,200113.0,647.3982,2249
2025-08-29 09:35:00,647.39,647.41,647.25,647.31,221200.0,647.3285,2628
2025-08-29 09:36:00,647.32,647.44,647.22,647.3001,205808.0,647.3167,2421
2025-08-29 09:37:00,647.31,647.31,646.95,647.19,354763.0,647.122,3701
2025-08-29 09:38:00,647.195,647.28,647.05,647.145,194793.0,647.1457,2251
2025-08-29 09:39:00,647.155,647.17,646.85,646.8688,226466.0,646.9733,2637
2025-08-29 09:40:00,646.87,647.09,646.83,646.9,215163.0,646.9647,2419
2025-08-29 09:41:00,646.9,647.19,646.84,647.1,200111.0,647.0162,2233
2025-08-29 09:42:00,647.105,647.28,647.105,647.13,195904.0,647.185,2415
2025-08-29 09:43:00,647.13,647.13,646.8,646.875,153368.0,646.9454,2072
2025-08-29 09:44:00,646.875,647.07,646.86,647.0051,211722.0,646.9746,2365
2025-08-29 09:45:00,647.01,647.01,646.63,646.64,301924.0,646.7953,3644
2025-08-29 09:46:00,646.64,646.67,646.305,646.305,433184.0,646.5297,5103
2025-08-29 09:47:00,646.32,646.35,646.11,646.24,357687.0,646.2246,4083
2025-08-29 09:48:00,646.225,646.41,646.2099,646.33,375544.0,647.1628,3165
2025-08-29 09:49:00,646.33,646.335,646.065,646.1,246424.0,646.1595,3027
2025-08-29 09:50:00,646.1,646.11,645.77,646.01,405833.0,645.9178,4660
2025-08-29 09:51:00,646.0,646.29,645.9999,646.24,306951.0,646.16,3436
2025-08-29 09:52:00,646.24,646.27,646.02,646.13,196458.0,646.1674,2541
2025-08-29 09:53:00,646.14,646.3493,646.1045,646.2,145822.0,646.2149,2095
2025-08-29 09:54:00,646.2,646.275,645.89,645.96,176018.0,646.121,2390
2025-08-29 09:55:00,645.96,646.1549,645.83,645.83,191544.0,646.0089,2778
2025-08-29 09:56:00,645.83,645.87,645.5,645.57,384494.0,645.6606,4574
2025-08-29 09:57:00,645.575,645.655,645.34,645.4987,289146.0,645.5116,3268
2025-08-29 09:58:00,645.5,645.63,645.485,645.57,215776.0,645.5672,2392
2025-08-29 09:59:00,645.56,645.75,645.43,645.51,201027.0,645.5845,2156
2025-08-29 10:00:00,645.5,645.98,645.2,645.9199,377871.0,645.6093,3739
2025-08-29 10:01:00,645.93,646.063,645.58,645.6,254427.0,645.7913,2914
2025-08-29 10:02:00,645.57,645.69,645.47,645.495,247259.0,645.5898,3457
2025-08-29 10:03:00,645.49,645.63,644.99,645.01,410261.0,645.2405,4964
2025-08-29 10:04:00,645.0,645.08,644.6,644.6201,325225.0,644.8307,3839
2025-08-29 10:05:00,644.6,644.75,644.175,644.175,431052.0,644.4519,5249
2025-08-29 10:06:00,644.2,644.43,643.92,644.07,442063.0,644.1779,5584
2025-08-29 10:07:00,644.06,644.25,643.96,644.2,317056.0,644.0917,3762
2025-08-29 10:08:00,644.2099,644.25,643.82,644.0,325750.0,644.0389,4268
2025-08-29 10:09:00,643.99,644.21,643.79,644.08,377477.0,643.9953,4440
2025-08-29 10:10:00,644.06,644.38,643.98,644.03,392626.0,644.1908,4513
2025-08-29 10:11:00,644.03,644.15,643.92,643.97,274137.0,644.0477,3843
2025-08-29 10:12:00,643.97,644.08,643.87,643.935,354235.0,643.971,4401
2025-08-29 10:13:00,643.93,644.2885,643.84,644.26,550557.0,645.1831,4732
2025-08-29 10:14:00,644.26,644.39,644.08,644.33,412200.0,644.263,4089
2025-08-29 10:15:00,644.32,644.32,643.63,643.72,524208.0,643.8747,4246
2025-08-29 10:16:00,643.73,643.9793,643.66,643.93,271861.0,643.7936,3358
2025-08-29 10:17:00,643.94,644.25,643.9299,644.14,235722.0,644.1036,2877
2025-08-29 10:18:00,644.145,644.2,643.9,644.1,154635.0,644.0457,2243
2025-08-29 10:19:00,644.09,644.135,643.8099,644.13,202790.0,643.9541,2538
2025-08-29 10:20:00,644.09,644.55,644.08,644.51,307530.0,644.422,3758
2025-08-29 10:21:00,644.5,644.79,644.45,644.765,202128.0,644.5917,3102
2025-08-29 10:22:00,644.75,644.7826,644.33,644.34,222106.0,644.6564,2885
2025-08-29 10:23:00,644.365,644.605,644.32,644.39,129080.0,644.4768,1951
2025-08-29 10:24:00,644.38,644.5099,644.35,644.43,124863.0,644.4248,1802
2025-08-29 10:25:00,644.42,644.52,644.32,644.39,117347.0,644.3977,2019
2025-08-29 10:26:00,644.39,644.43,643.815,643.915,260454.0,644.0222,3309
2025-08-29 10:27:00,643.9,644.16,643.89,644.05,167310.0,644.032,2482
2025-08-29 10:28:00,644.04,644.26,644.04,644.11,98792.0,644.1359,1968
2025-08-29 10:29:00,644.08,644.6799,644.03,644.6688,195438.0,644.3764,2456
2025-08-29 10:30:00,644.67,644.6991,644.33,644.62,121551.0,644.5165,2105
2025-08-29 10:31:00,644.625,644.69,644.46,644.685,145593.0,644.5987,2061
2025-08-29 10:32:00,644.67,644.71,644.44,644.635,117562.0,644.6026,1794
2025-08-29 10:33:00,644.6354,644.9258,644.6175,644.85,152303.0,644.8166,1970
2025-08-29 10:34:00,644.85,644.855,644.66,644.825,144925.0,644.7744,1856
2025-08-29 10:35:00,644.8,644.84,644.53,644.53,137071.0,644.6888,2048
2025-08-29 10:36:00,644.53,644.835,644.53,644.69,127584.0,644.7298,2004
2025-08-29 10:37:00,644.66,644.93,644.62,644.88,141371.0,644.7965,2108
2025-08-29 10:38:00,644.87,644.94,644.82,644.85,90940.0,644.8762,1582
2025-08-29 10:39:00,644.86,645.01,644.83,644.965,109424.0,644.9142,1878
2025-08-29 10:40:00,644.96,645.11,644.81,644.9501,219183.0,644.9695,2487
2025-08-29 10:41:00,644.955,644.995,644.66,644.6855,163453.0,644.856,2101
2025-08-29 10:42:00,644.69,644.95,644.69,644.765,120798.0,644.8302,1608
2025-08-29 10:43:00,644.77,644.77,644.57,644.63,100977.0,644.6585,1522
2025-08-29 10:44:00,644.63,644.71,644.17,644.2046,174348.0,644.4082,2335
2025-08-29 10:45:00,644.2,644.36,644.12,644.19,158495.0,644.237,2471
2025-08-29 10:46:00,644.19,644.31,644.08,644.17,101163.0,644.1851,1579
2025-08-29 10:47:00,644.17,644.19,643.86,643.95,180025.0,644.029,2765
2025-08-29 10:48:00,643.945,644.07,643.77,643.805,374738.0,647.2373,1918
2025-08-29 10:49:00,643.82,643.91,643.52,643.71,228396.0,643.69,2692
2025-08-29 10:50:00,643.71,643.78,643.29,643.31,294139.0,643.553,3742
2025-08-29 10:51:00,643.315,643.5899,643.315,643.41,213821.0,643.4523,2889
2025-08-29 10:52:00,643.41,643.46,643.14,643.25,227349.0,643.2693,2714
2025-08-29 10:53:00,643.24,643.57,643.21,643.46,187045.0,643.4291,2440
2025-08-29 10:54:00,643.46,643.76,643.39,643.72,222996.0,643.5982,3294
2025-08-29 10:55:00,643.73,643.89,643.53,643.87,256034.0,643.6957,3215
2025-08-29 10:56:00,643.86,644.03,643.6993,643.765,205892.0,643.879,2822
2025-08-29 10:57:00,643.75,643.82,643.58,643.665,130487.0,643.7248,2084
2025-08-29 10:58:00,643.665,643.7,643.52,643.555,149449.0,643.6397,2348
2025-08-29 10:59:00,643.57,643.83,643.5601,643.82,105275.0,643.6876,1817
2025-08-29 11:00:00,643.82,644.15,643.68,644.1,162542.0,643.8777,2406
2025-08-29 11:01:00,644.1058,644.23,643.955,644.0,122597.0,644.0767,1731
2025-08-29 11:02:00,643.99,644.24,643.99,644.01,98307.0,644.1154,1669
2025-08-29 11:03:00,644.02,644.11,643.945,643.995,88152.0,644.0084,1305
2025-08-29 11:04:00,644.01,644.13,643.945,644.08,74291.0,644.0622,1261
2025-08-29 11:05:00,644.09,644.26,644.03,644.15,98924.0,644.0841,1380
2025-08-29 11:06:00,644.14,644.24,644.0449,644.21,92447.0,644.1527,1684
2025-08-29 11:07:00,644.2,644.48,644.16,644.48,135451.0,644.3023,2014
2025-08-29 11:08:00,644.47,644.63,644.43,644.48,151690.0,644.5216,2103
2025-08-29 11:09:00,644.465,644.695,644.41,644.64,106706.0,644.5651,1708
2025-08-29 11:10:00,644.62,644.76,644.58,644.69,94302.0,644.672,1555
2025-08-29 11:11:00,644.685,644.685,644.43,644.435,145985.0,644.5695,1648
2025-08-29 11:12:00,644.43,644.68,644.42,644.64,132133.0,644.5868,1702
2025-08-29 11:13:00,644.64,644.685,644.52,644.58,69240.0,644.5938,1146
2025-08-29 11:14:00,644.585,644.59,644.34,644.36,99769.0,644.4513,1394
2025-08-29 11:15:00,644.37,644.55,644.335,644.535,128203.0,644.4632,1474
2025-08-29 11:16:00,644.52,644.605,644.4552,644.48,89062.0,644.531,1191
2025-08-29 11:17:00,644.48,644.52,644.33,644.411,84455.0,644.4195,1221
2025-08-29 11:18:00,644.4,644.49,644.22,644.2442,90632.0,644.304,1441
2025-08-29 11:19:00,644.25,644.39,644.21,644.35,83698.0,644.2993,1183
2025-08-29 11:20:00,644.34,644.44,644.25,644.4007,85021.0,644.3553,1355
2025-08-29 11:21:00,644.4,644.4,644.2,644.2614,69573.0,644.2907,1170
2025-08-29 11:22:00,644.26,644.55,644.2499,644.535,80893.0,644.3835,1343
2025-08-29 11:23:00,644.52,644.56,644.405,644.4358,57816.0,644.4928,1051
2025-08-29 11:24:00,644.43,644.61,644.43,644.56,74700.0,644.5242,1098
2025-08-29 11:25:00,644.55,644.57,644.395,644.43,89993.0,644.4923,1317
2025-08-29 11:26:00,644.44,644.77,644.435,644.735,86203.0,644.6191,1290
2025-08-29 11:27:00,644.73,644.73,644.461,644.49,55824.0,644.5565,967
2025-08-29 11:28:00,644.495,644.64,644.48,644.58,121842.0,644.5871,1199
2025-08-29 11:29:00,644.56,644.57,644.3,644.41,99477.0,644.4217,1359
2025-08-29 11:30:00,644.41,644.55,644.16,644.16,90309.0,644.4198,1361
2025-08-29 11:31:00,644.2,644.34,644.07,644.11,69430.0,644.221,1080
2025-08-29 11:32:00,644.12,644.18,644.0,644.1,79992.0,644.1056,1315
2025-08-29 11:33:00,644.09,644.29,644.02,644.1942,84566.0,644.1735,1186
2025-08-29 11:34:00,644.185,644.29,644.04,644.06,74873.0,644.1783,1107
2025-08-29 11:35:00,644.07,644.205,644.06,644.13,99552.0,644.1299,1490
2025-08-29 11:36:00,644.13,644.39,644.09,644.34,101584.0,644.225,1345
2025-08-29 11:37:00,644.33,644.51,644.31,644.465,77577.0,644.4123,1197
2025-08-29 11:38:00,644.47,644.51,644.38,644.385,85174.0,644.4489,1262
2025-08-29 11:39:00,644.385,644.4,644.23,644.3499,112847.0,644.316,1507
2025-08-29 11:40:00,644.34,644.43,644.13,644.14,125732.0,644.2125,1458
2025-08-29 11:41:00,644.15,644.47,644.13,644.45,79309.0,644.3261,1267
2025-08-29 11:42:00,644.42,644.43,644.24,644.26,70817.0,644.3073,1057
2025-08-29 11:43:00,644.27,644.38,644.15,644.18,61931.0,644.2511,1083
2025-08-29 11:44:00,644.16,644.2799,644.145,644.1479,45253.0,644.2185,865
2025-08-29 11:45:00,644.135,644.21,644.0481,644.052,70597.0,644.1371,1068
2025-08-29 11:46:00,644.07,644.255,644.04,644.125,91429.0,644.1429,1358
2025-08-29 11:47:00,644.115,644.23,644.02,644.028,70810.0,644.1116,1066
2025-08-29 11:48:00,644.035,644.13,644.005,644.04,33206.0,644.0604,758
2025-08-29 11:49:00,644.04,644.11,643.97,643.995,86086.0,644.0256,1240
2025-08-29 11:50:00,643.99,643.99,643.71,643.7599,171220.0,643.8701,2103
2025-08-29 11:51:00,643.76,643.93,643.76,643.87,122044.0,643.8593,1645
2025-08-29 11:52:00,643.87,644.12,643.85,643.9711,82520.0,644.0007,1105
2025-08-29 11:53:00,643.965,643.97,643.845,643.86,42765.0,643.9045,746
2025-08-29 11:54:00,643.86,643.9479,643.8499,643.91,44948.0,643.9,841
2025-08-29 11:55:00,643.91,644.0958,643.88,644.09,73566.0,643.9626,1174
2025-08-29 11:56:00,644.09,644.1,643.91,643.92,60479.0,644.0329,1092
2025-08-29 11:57:00,643.935,644.06,643.87,643.96,55959.0,643.9691,924
2025-08-29 11:58:00,643.97,644.02,643.76,643.77,86893.0,643.9214,1152
2025-08-29 11:59:00,643.785,643.825,643.73,643.79,249642.0,643.7788,2071
2025-08-29 12:00:00,643.78,644.05,643.75,643.97,102935.0,643.9085,1394
2025-08-29 12:01:00,643.96,644.2,643.95,644.145,167650.0,644.0923,1843
2025-08-29 12:02:00,644.14,644.25,644.12,644.22,91763.0,644.1885,1377
2025-08-29 12:03:00,644.22,644.3,644.2,644.28,103173.0,644.2417,1402
2025-08-29 12:04:00,644.28,644.42,644.24,644.335,126995.0,644.3226,1622
2025-08-29 12:05:00,644.325,644.325,644.0,644.02,95415.0,644.2085,1410
2025-08-29 12:06:00,644.0,644.21,643.9813,644.185,64118.0,644.1218,1129
2025-08-29 12:07:00,644.185,644.38,644.16,644.3289,84692.0,644.2524,1243
2025-08-29 12:08:00,644.32,644.395,644.2407,644.37,51148.0,644.3074,989
2025-08-29 12:09:00,644.36,644.4,644.335,644.35,69246.0,644.3588,1102
2025-08-29 12:10:00,644.34,644.49,644.26,644.45,100945.0,644.3858,1493
2025-08-29 12:11:00,644.44,644.555,644.44,644.4401,103331.0,644.5016,1610
2025-08-29 12:12:00,644.4401,644.56,644.43,644.52,141811.0,644.5179,1572
2025-08-29 12:13:00,644.51,644.68,644.48,644.6299,96700.0,644.6023,1326
2025-08-29 12:14:00,644.615,644.6281,644.48,644.54,52107.0,644.5354,953
2025-08-29 12:15:00,644.54,644.65,644.53,644.64,52368.0,644.5772,1000
2025-08-29 12:16:00,644.64,644.7393,644.6,644.685,77379.0,644.6939,1263
2025-08-29 12:17:00,644.68,644.76,644.65,644.67,69503.0,644.7055,1078
2025-08-29 12:18:00,644.66,644.6751,644.39,644.4,126626.0,644.5227,1703
2025-08-29 12:19:00,644.4199,644.575,644.4,644.525,46351.0,644.4866,935
2025-08-29 12:20:00,644.53,644.58,644.48,644.565,109627.0,644.5497,1137
2025-08-29 12:21:00,644.57,644.68,644.53,644.67,72893.0,644.5906,983
2025-08-29 12:22:00,644.66,644.66,644.59,644.61,39375.0,644.6286,844
2025-08-29 12:23:00,644.61,644.615,644.53,644.545,37684.0,644.5667,591
2025-08-29 12:24:00,644.53,644.65,644.53,644.63,43820.0,644.5988,717
2025-08-29 12:25:00,644.63,644.655,644.53,644.565,47230.0,644.5891,835
2025-08-29 12:26:00,644.555,644.555,644.3535,644.39,53670.0,644.4106,856
2025-08-29 12:27:00,644.4,644.41,644.09,644.09,71952.0,644.2416,1194
2025-08-29 12:28:00,644.11,644.24,644.11,644.24,57994.0,644.1949,1019
2025-08-29 12:29:00,644.23,644.26,644.15,644.17,36328.0,644.2111,576
2025-08-29 12:30:00,644.18,644.41,644.18,644.41,56764.0,644.2871,988
2025-08-29 12:31:00,644.405,644.61,644.4,644.585,59725.0,644.517,922
2025-08-29 12:32:00,644.58,644.67,644.57,644.645,57000.0,644.6047,869
2025-08-29 12:33:00,644.65,644.72,644.62,644.655,65141.0,644.6604,790
2025-08-29 12:34:00,644.6601,644.7599,644.635,644.68,46135.0,644.6716,703
2025-08-29 12:35:00,644.69,644.86,644.65,644.86,85616.0,644.7441,1132
2025-08-29 12:36:00,644.86,644.875,644.68,644.76,92775.0,644.7564,1232
2025-08-29 12:37:00,644.76,644.81,644.7199,644.76,29201.0,644.7577,633
2025-08-29 12:38:00,644.77,644.91,644.7699,644.865,74567.0,644.864,1160
2025-08-29 12:39:00,644.87,644.95,644.83,644.915,54217.0,644.8749,896
2025-08-29 12:40:00,644.91,644.91,644.81,644.84,29206.0,644.8532,657
2025-08-29 12:41:00,644.83,644.89,644.73,644.89,63959.0,644.8162,949
2025-08-29 12:42:00,644.89,644.9,644.79,644.82,31288.0,644.8326,628
2025-08-29 12:43:00,644.81,644.86,644.78,644.82,51867.0,644.8183,845
2025-08-29 12:44:00,644.82,644.94,644.82,644.94,52687.0,644.885,931
2025-08-29 12:45:00,644.93,645.03,644.91,644.97,71427.0,644.9719,1217
2025-08-29 12:46:00,644.975,645.0399,644.89,644.99,48380.0,644.9612,953
2025-08-29 12:47:00,644.985,645.015,644.91,644.9307,36211.0,644.9465,744
2025-08-29 12:48:00,644.932,644.945,644.845,644.885,32059.0,644.9,696
2025-08-29 12:49:00,644.9,644.9,644.62,644.6802,112096.0,644.7398,1195
2025-08-29 12:50:00,644.685,644.78,644.59,644.745,64789.0,644.6629,996
2025-08-29 12:51:00,644.72,644.75,644.62,644.665,110715.0,644.7112,1137
2025-08-29 12:52:00,644.66,644.73,644.63,644.685,82604.0,644.7038,1000
2025-08-29 12:53:00,644.68,644.73,644.63,644.7098,132570.0,644.6695,1416
2025-08-29 12:54:00,644.705,644.83,644.7,644.81,108099.0,644.7769,1230
2025-08-29 12:55:00,644.8,644.91,644.785,644.825,112056.0,644.8497,1415
2025-08-29 12:56:00,644.8299,644.87,644.67,644.73,58417.0,644.7923,909
2025-08-29 12:57:00,644.735,644.875,644.72,644.825,89777.0,644.8302,802
2025-08-29 12:58:00,644.82,644.87,644.79,644.815,75532.0,644.8349,860
2025-08-29 12:59:00,644.82,644.83,644.71,644.725,84540.0,644.7734,1105
2025-08-29 13:00:00,644.7,644.7,644.35,644.35,133064.0,644.5263,1707
2025-08-29 13:01:00,644.37,644.44,644.31,644.355,102258.0,644.3845,1259
2025-08-29 13:02:00,644.37,644.4051,644.27,644.37,79812.0,644.3494,1127
2025-08-29 13:03:00,644.355,644.37,644.21,644.26,190517.0,644.262,1837
2025-08-29 13:04:00,644.255,644.27,643.9,643.92,183425.0,644.0727,2079
2025-08-29 13:05:00,643.93,644.0199,643.86,643.8901,80621.0,643.9535,1271
2025-08-29 13:06:00,643.89,644.169,643.78,644.13,93629.0,643.9816,1406
2025-08-29 13:07:00,644.11,644.1938,644.065,644.15,78424.0,644.1338,1156
2025-08-29 13:08:00,644.145,644.23,644.13,644.16,70046.0,644.1808,1072
2025-08-29 13:09:00,644.15,644.26,644.13,644.23,60775.0,644.21,1085
2025-08-29 13:10:00,644.23,644.2376,643.96,644.04,169710.0,644.0657,2166
2025-08-29 13:11:00,644.04,644.04,643.8,643.89,109636.0,643.9061,1656
2025-08-29 13:12:00,643.875,644.0,643.87,643.99,91904.0,643.9561,1340
2025-08-29 13:13:00,643.99,644.02,643.78,643.82,56171.0,643.9142,998
2025-08-29 13:14:00,643.815,643.89,643.79,643.83,45561.0,643.8503,842
2025-08-29 13:15:00,643.83,643.945,643.6,643.6,146584.0,643.8061,1903
2025-08-29 13:16:00,643.58,643.73,643.56,643.655,86288.0,643.6405,1253
2025-08-29 13:17:00,643.655,643.75,643.46,643.515,201979.0,643.5715,1877
2025-08-29 13:18:00,643.51,643.66,643.5,643.64,63842.0,643.5797,1086
2025-08-29 13:19:00,643.63,643.81,643.62,643.715,90691.0,643.7169,1283
2025-08-29 13:20:00,643.72,643.95,643.72,643.93,171389.0,643.8712,1724
2025-08-29 13:21:00,643.925,644.06,643.91,644.035,141227.0,644.0049,1676
2025-08-29 13:22:00,644.03,644.085,643.95,643.95,65175.0,644.012,927
2025-08-29 13:23:00,643.95,643.96,643.77,643.84,61517.0,643.8683,810
2025-08-29 13:24:00,643.835,643.94,643.83,643.885,85835.0,643.8819,977
2025-08-29 13:25:00,643.875,644.09,643.875,643.935,93903.0,643.9711,1178
2025-08-29 13:26:00,643.94,644.11,643.91,644.06,52896.0,644.0125,834
2025-08-29 13:27:00,644.0401,644.07,643.98,644.07,36156.0,644.0231,687
2025-08-29 13:28:00,644.0689,644.08,643.98,644.0335,35097.0,644.03,724
2025-08-29 13:29:00,644.045,644.095,643.94,644.0,53417.0,643.9868,838
2025-08-29 13:30:00,644.0,644.26,643.96,644.24,104762.0,644.097,1574
2025-08-29 13:31:00,644.24,644.26,644.06,644.07,61644.0,644.1545,1196
2025-08-29 13:32:00,644.06,644.09,643.842,643.842,67257.0,643.9771,1127
2025-08-29 13:33:00,643.84,643.985,643.84,643.94,50899.0,643.929,992
2025-08-29 13:34:00,643.93,643.989,643.86,643.98,70886.0,643.9309,1202
2025-08-29 13:35:00,643.985,644.045,643.9299,644.0158,52629.0,643.9894,1010
2025-08-29 13:36:00,644.01,644.12,643.97,643.985,50001.0,644.0589,921
2025-08-29 13:37:00,643.98,644.1807,643.92,644.17,145068.0,644.0133,1720
2025-08-29 13:38:00,644.1451,644.2358,644.1301,644.185,61034.0,644.1792,991
2025-08-29 13:39:00,644.18,644.25,644.15,644.211,65345.0,644.195,981
2025-08-29 13:40:00,644.215,644.42,644.21,644.395,120169.0,644.3066,1554
2025-08-29 13:41:00,644.39,644.39,644.27,644.31,51448.0,644.3339,925
2025-08-29 13:42:00,644.295,644.39,644.195,644.23,142009.0,644.2953,1238
2025-08-29 13:43:00,644.23,644.265,644.2,644.24,53151.0,644.232,779
2025-08-29 13:44:00,644.2301,644.36,644.22,644.35,63272.0,644.3001,845
2025-08-29 13:45:00,644.36,644.535,644.33,644.52,103863.0,644.4509,1459
2025-08-29 13:46:00,644.54,644.585,644.47,644.495,93569.0,644.536,1077
2025-08-29 13:47:00,644.495,644.5451,644.4401,644.495,79398.0,644.4956,1050
2025-08-29 13:48:00,644.49,644.67,644.44,644.625,97873.0,644.5429,1406
2025-08-29 13:49:00,644.62,644.625,644.55,644.57,54228.0,644.5886,810
2025-08-29 13:50:00,644.57,644.67,644.5,644.625,76056.0,644.605,1059
2025-08-29 13:51:00,644.63,644.87,644.63,644.86,107457.0,644.7534,1338
2025-08-29 13:52:00,644.84,645.0142,644.833,644.9301,102570.0,644.9435,1473
2025-08-29 13:53:00,644.94,644.99,644.82,644.83,90991.0,644.8901,1225
2025-08-29 13:54:00,644.83,644.9,644.67,644.77,96262.0,644.7622,1221
2025-08-29 13:55:00,644.76,644.82,644.7342,644.75,954039.0,644.7996,957
2025-08-29 13:56:00,644.75,644.85,644.72,644.7399,61358.0,644.806,884
2025-08-29 13:57:00,644.745,644.75,644.5,644.51,90854.0,644.6342,1273
2025-08-29 13:58:00,644.51,644.67,644.401,644.54,110863.0,644.5477,1603
2025-08-29 13:59:00,644.55,644.65,644.535,644.64,71729.0,644.5914,966
2025-08-29 14:00:00,644.65,644.665,644.39,644.41,115344.0,644.5168,1607
2025-08-29 14:01:00,644.41,644.5,644.3,644.34,105741.0,644.3932,1356
2025-08-29 14:02:00,644.34,644.426025,644.32,644.365,57394.0,644.3681,858
2025-08-29 14:03:00,644.35,644.46,644.31,644.4,64777.0,644.397,897
2025-08-29 14:04:00,644.39,644.39,644.23,644.235,72650.0,644.2958,1080
2025-08-29 14:05:00,644.25,644.33,644.22,644.265,53989.0,644.2655,781
2025-08-29 14:06:00,644.26,644.45,644.23,644.44,66042.0,644.3559,836
2025-08-29 14:07:00,644.44,644.505,644.42,644.48,44517.0,644.4647,717
2025-08-29 14:08:00,644.465,644.595,644.455,644.57,74098.0,644.5142,969
2025-08-29 14:09:00,644.56,644.6499,644.54,644.61,73696.0,644.5855,919
2025-08-29 14:10:00,644.61,644.7,644.51,644.6649,92362.0,644.6127,1120
2025-08-29 14:11:00,644.665,644.675,644.555,644.58,73948.0,644.6121,859
2025-08-29 14:12:00,644.575,644.68,644.51,644.52,81126.0,644.6102,901
2025-08-29 14:13:00,644.51,644.52,644.4,644.485,76084.0,644.4715,1068
2025-08-29 14:14:00,644.49,644.54,644.44,644.535,69924.0,644.4779,960
2025-08-29 14:15:00,644.545,644.63,644.48,644.5955,118954.0,644.5468,1327
2025-08-29 14:16:00,644.59,644.66,644.5404,644.6,80523.0,644.6037,928
2025-08-29 14:17:00,644.6,644.65,644.5,644.52,61013.0,644.5817,957
2025-08-29 14:18:00,644.52,644.56,644.45,644.475,97071.0,644.4912,1251
2025-08-29 14:19:00,644.469,644.57,644.469,644.54,47166.0,644.532,843
2025-08-29 14:20:00,644.53,644.53,644.17,644.205,271968.0,644.3213,2890
2025-08-29 14:21:00,644.22,644.4,644.21,644.25,67462.0,644.2845,1010
2025-08-29 14:22:00,644.2455,644.34,644.2435,644.27,40409.0,644.2915,737
2025-08-29 14:23:00,644.26,644.44,644.25,644.4358,45456.0,644.3358,744
2025-08-29 14:24:00,644.43,644.43,644.37,644.42,43054.0,644.4015,719
2025-08-29 14:25:00,644.42,644.51,644.38,644.38,49822.0,644.4607,848
2025-08-29 14:26:00,644.37,644.4,644.22,644.24,68423.0,644.318,869
2025-08-29 14:27:00,644.23,644.335,644.23,644.275,62515.0,644.287,931
2025-08-29 14:28:00,644.28,644.325,644.215,644.23,60519.0,644.2782,911
2025-08-29 14:29:00,644.22,644.33,644.215,644.265,58366.0,644.2778,869
2025-08-29 14:30:00,644.265,644.49,644.265,644.465,102627.0,644.3653,1307
2025-08-29 14:31:00,644.48,644.5,644.39,644.4805,55756.0,644.4435,936
2025-08-29 14:32:00,644.49,644.63,644.49,644.59,51891.0,644.5583,947
2025-08-29 14:33:00,644.59,644.6258,644.51,644.57,45009.0,644.5681,738
2025-08-29 14:34:00,644.57,644.65,644.57,644.63,74671.0,644.6117,1110
2025-08-29 14:35:00,644.63,644.74,644.63,644.72,145281.0,644.6617,1763
2025-08-29 14:36:00,644.72,644.72,644.6101,644.62,66828.0,644.6662,925
2025-08-29 14:37:00,644.615,644.72,644.615,644.7,73125.0,644.6706,984
2025-08-29 14:38:00,644.7,644.7,644.53,644.575,74824.0,644.6127,1000
2025-08-29 14:39:00,644.575,644.575,644.45,644.47,76561.0,644.5044,927
2025-08-29 14:40:00,644.48,644.52,644.345,644.44,66467.0,644.4283,995
2025-08-29 14:41:00,644.44,644.53,644.43,644.5,52873.0,644.4848,755
2025-08-29 14:42:00,644.49,644.5451,644.34,644.355,52515.0,644.4441,840
2025-08-29 14:43:00,644.35,644.38,644.32,644.35,48436.0,644.3568,790
2025-08-29 14:44:00,644.36,644.37,644.265,644.27,50975.0,644.3249,757
2025-08-29 14:45:00,644.27,644.45,644.27,644.42,59486.0,644.3563,975
2025-08-29 14:46:00,644.41,644.43,644.31,644.345,63232.0,644.3685,795
2025-08-29 14:47:00,644.35,644.48,644.34,644.42,58677.0,644.4286,950
2025-08-29 14:48:00,644.41,644.445,644.365,644.37,43423.0,644.4116,771
2025-08-29 14:49:00,644.39,644.4,644.36,644.365,46115.0,644.3861,694
2025-08-29 14:50:00,644.37,644.43,644.3,644.36,53329.0,644.3765,840
2025-08-29 14:51:00,644.35,644.35,644.1721,644.195,115981.0,644.2588,973
2025-08-29 14:52:00,644.195,644.405,644.18,644.405,73547.0,644.3041,999
2025-08-29 14:53:00,644.4,644.4,644.32,644.35,91935.0,644.3446,880
2025-08-29 14:54:00,644.34,644.44,644.325,644.39,50254.0,644.4,713
2025-08-29 14:55:00,644.38,644.4054,644.245,644.28,77933.0,644.3534,925
2025-08-29 14:56:00,644.2751,644.39,644.26,644.385,184773.0,647.4124,785
2025-08-29 14:57:00,644.37,644.45,644.315,644.44,74379.0,644.3921,1021
2025-08-29 14:58:00,644.44,644.44,644.37,644.4114,52183.0,644.403,818
2025-08-29 14:59:00,644.41,644.5,644.405,644.49,53749.0,644.4442,934
2025-08-29 15:00:00,644.49,644.51,644.31,644.31,135686.0,644.4327,1524
2025-08-29 15:01:00,644.32,644.5297,644.305,644.51,163997.0,644.6383,1378
2025-08-29 15:02:00,644.5,644.5,644.375,644.46,105515.0,644.4266,1128
2025-08-29 15:03:00,644.45,644.568,644.45,644.56,116864.0,644.5145,1455
2025-08-29 15:04:00,644.55,644.605,644.53,644.585,96392.0,644.5656,1113
2025-08-29 15:05:00,644.585,644.71,644.585,644.6,173599.0,644.645,2008
2025-08-29 15:06:00,644.6,644.74,644.55,644.7001,132309.0,644.6584,1670
2025-08-29 15:07:00,644.695,644.775,644.695,644.71,220035.0,647.093,1376
2025-08-29 15:08:00,644.71,644.8312,644.68,644.8,117204.0,644.776,1443
2025-08-29 15:09:00,644.8,644.8,644.66,644.685,110012.0,644.7272,1383
2025-08-29 15:10:00,644.69,644.78,644.68,644.77,84222.0,644.7245,1273
2025-08-29 15:11:00,644.78,644.8,644.545,644.55,105806.0,644.68,1349
2025-08-29 15:12:00,644.55,644.71,644.55,644.665,112775.0,644.6508,1399
2025-08-29 15:13:00,644.6665,644.67,644.53,644.56,92404.0,644.5955,1140
2025-08-29 15:14:00,644.57,644.6454,644.56,644.61,99666.0,644.6015,1182
2025-08-29 15:15:00,644.605,644.695,644.59,644.685,65076.0,644.6578,1005
2025-08-29 15:16:00,644.68,644.77,644.655,644.74,109345.0,644.719,1518
2025-08-29 15:17:00,644.735,644.79,644.715,644.755,109465.0,644.7434,1581
2025-08-29 15:18:00,644.755,644.77,644.705,644.755,107088.0,644.7411,1157
2025-08-29 15:19:00,644.762,644.855,644.7264,644.835,537456.0,646.6843,1908
2025-08-29 15:20:00,644.8358,644.915,644.81,644.915,127802.0,644.8452,1491
2025-08-29 15:21:00,644.9,644.99,644.875,644.935,190470.0,644.9504,1948
2025-08-29 15:22:00,644.935,644.935,644.71,644.74,122977.0,644.8277,1362
2025-08-29 15:23:00,644.74,644.755,644.63,644.67,197021.0,644.6867,1821
2025-08-29 15:24:00,644.68,644.815,644.65,644.78,141570.0,644.7267,1594
2025-08-29 15:25:00,644.77,644.8,644.665,644.71,103261.0,644.7297,1296
2025-08-29 15:26:00,644.71,644.7758,644.67,644.685,346229.0,647.7307,1246
2025-08-29 15:27:00,644.68,644.68,644.49,644.5127,119358.0,644.5657,1405
2025-08-29 15:28:00,644.51,644.62,644.495,644.51,92519.0,644.569,1238
2025-08-29 15:29:00,644.51,644.6,644.37,644.58,171248.0,644.4814,2048
2025-08-29 15:30:00,644.58,644.8,644.57,644.745,450233.0,645.8657,2990
2025-08-29 15:31:00,644.745,644.78,644.605,644.61,165054.0,644.7098,1690
2025-08-29 15:32:00,644.61,644.71,644.53,644.54,138539.0,644.6187,1537
2025-08-29 15:33:00,644.55,644.62,644.525,644.62,199908.0,644.5715,1767
2025-08-29 15:34:00,644.63,644.63,644.43,644.43,224018.0,644.5116,2403
2025-08-29 15:35:00,644.44,644.48,644.12,644.145,471002.0,645.5062,3460
2025-08-29 15:36:00,644.14,644.24,644.08,644.22,305825.0,644.1765,3214
2025-08-29 15:37:00,644.21,644.38,644.21,644.31,189760.0,644.3109,2014
2025-08-29 15:38:00,644.31,644.4155,644.22,644.36,182437.0,644.3282,2167
2025-08-29 15:39:00,644.35,644.48,644.35,644.435,345931.0,646.0372,2172
2025-08-29 15:40:00,644.44,644.482,644.36,644.41,137270.0,644.4289,1640
2025-08-29 15:41:00,644.412,644.65,644.412,644.59,286968.0,644.5492,2366
2025-08-29 15:42:00,644.59,644.74,644.57,644.67,142460.0,644.6615,1762
2025-08-29 15:43:00,644.66,644.8,644.65,644.795,195875.0,644.7301,2104
2025-08-29 15:44:00,644.805,644.89,644.76,644.78,233030.0,644.8244,2695
2025-08-29 15:45:00,644.77,644.835,644.6846,644.725,350059.0,646.2302,2405
2025-08-29 15:46:00,644.73,644.85,644.715,644.83,385849.0,646.1078,2692
2025-08-29 15:47:00,644.82,645.13,644.76,645.13,395018.0,644.9381,4128
2025-08-29 15:48:00,645.13,645.14,644.76,644.78,479362.0,645.9469,4293
2025-08-29 15:49:00,644.78,644.835,644.52,644.61,520873.0,646.6827,3304
2025-08-29 15:50:00,644.61,644.78,644.05,644.05,705273.0,645.1994,6461
2025-08-29 15:51:00,644.05,644.1899,643.92,644.02,689437.0,644.9227,6202
2025-08-29 15:52:00,644.02,644.31,644.0,644.295,652313.0,645.0335,5928
2025-08-29 15:53:00,644.3,644.33,644.03,644.045,542410.0,645.2715,4748
2025-08-29 15:54:00,644.04,644.18,643.8,643.87,572062.0,643.9693,6127
2025-08-29 15:55:00,643.86,644.185,643.76,644.08,703861.0,643.9925,7401
2025-08-29 15:56:00,644.08,644.26,644.05,644.225,680797.0,645.0597,5514
2025-08-29 15:57:00,644.23,644.78,644.23,644.645,1168127.0,645.965,7570
2025-08-29 15:58:00,644.645,644.81,644.44,644.735,1545918.0,645.0143,9867
2025-08-29 15:59:00,644.74,645.04,644.12,645.04,3465272.0,645.1285,17114
2025-08-29 16:00:00,645.04,645.4,644.84,644.84,751280.0,646.4219,2641
2025-08-29 16:01:00,644.84,644.98,644.78,644.97,387299.0,647.4678,1161
2025-08-29 16:02:00,644.94,645.16,644.93,645.15,123316.0,645.0263,975
2025-08-29 16:03:00,645.16,645.2,644.87,644.87,83409.0,645.0311,811
2025-08-29 16:04:00,644.88,644.99,644.84,644.88,172714.0,644.9551,576
2025-08-29 16:05:00,644.87,644.92,644.79,644.82,30169.0,644.8496,338
2025-08-29 16:06:00,644.84,644.85,644.69,644.82,100834.0,644.7893,521
2025-08-29 16:07:00,644.8,644.8,644.5,644.73,61833.0,644.7321,330
2025-08-29 16:08:00,644.73,644.76,644.69,644.69,51036.0,644.7423,302
2025-08-29 16:09:00,644.69,644.75,644.69,644.73,22632.0,644.7128,221
2025-08-29 16:10:00,644.73,644.75,644.66,644.67,17491.0,644.7194,196
2025-08-29 16:11:00,644.67,644.6942,644.63,644.64,22142.0,644.6653,167
2025-08-29 16:12:00,644.65,644.73,644.61,644.71,29429.0,644.6782,299
2025-08-29 16:13:00,644.72,644.76,644.64,644.76,359847.0,644.7154,551
2025-08-29 16:14:00,644.77,644.97,644.77,644.97,3276131.0,644.7184,458
2025-08-29 16:15:00,644.99,644.99,644.8,644.8101,507351.0,644.8751,135
2025-08-29 16:16:00,644.89,644.91,644.84,644.84,2731.0,644.859,58
2025-08-29 16:17:00,644.84,644.86,644.7699,644.77,5690.0,644.7989,98
2025-08-29 16:18:00,644.78,644.85,644.77,644.83,1964.0,644.8154,43
2025-08-29 16:19:00,644.84,644.89,644.82,644.89,7931.0,644.8528,88
2025-08-29 16:20:00,644.89,644.92,644.89,644.92,1640.0,644.904,48
2025-08-29 16:21:00,644.92,644.93,644.88,644.92,143345.0,648.3774,118
2025-08-29 16:22:00,644.93,645.06,644.93,645.044,16994.0,645.0252,158
2025-08-29 16:23:00,645.04,645.05,645.01,645.01,17812.0,645.0331,113
2025-08-29 16:24:00,645.03,645.05,645.01,645.05,18425.0,645.041,105
2025-08-29 16:25:00,645.01,645.01,644.9,644.9,28046.0,644.9398,204
2025-08-29 16:26:00,644.92,644.95,644.89,644.91,6113.0,644.9095,65
2025-08-29 16:27:00,644.91,644.91,644.86,644.88,16633.0,644.8917,127
2025-08-29 16:28:00,644.88,644.91,644.88,644.91,2425.0,644.8954,30
2025-08-29 16:29:00,644.91,644.91,644.9,644.9,2553.0,644.9105,63
2025-08-29 16:30:00,644.95,644.95,644.9,644.91,4749.0,644.9155,90
2025-08-29 16:31:00,644.93,644.93,644.9,644.9,2007.0,644.9169,47
2025-08-29 16:32:00,644.8902,644.9,644.89,644.89,4146.0,644.892,45
2025-08-29 16:33:00,644.9199,644.9199,644.88,644.88,13316.0,644.8827,78
2025-08-29 16:34:00,644.88,644.92,644.88,644.92,188170.0,645.0473,48
2025-08-29 16:35:00,644.94,644.98,644.94,644.98,8404.0,644.9526,59
2025-08-29 16:36:00,644.98,644.98,644.97,644.97,127880.0,648.7983,42
2025-08-29 16:37:00,644.98,644.98,644.94,644.96,14453.0,644.9746,115
2025-08-29 16:38:00,644.96,644.96,644.93,644.93,6916.0,644.9363,44
2025-08-29 16:39:00,644.9316,644.9316,644.9,644.9,3930.0,644.915,37
2025-08-29 16:40:00,644.93,644.93,644.93,644.93,1620.0,644.9244,36
2025-08-29 16:41:00,644.89,644.91,644.89,644.9,2554.0,644.9003,23
2025-08-29 16:42:00,644.95,644.95,644.95,644.95,1187.0,644.9491,18
2025-08-29 16:43:00,644.89,644.89,644.87,644.89,734.0,644.8804,28
2025-08-29 16:44:00,644.88,644.89,644.83,644.8699,7131.0,644.8711,54
2025-08-29 16:45:00,644.86,644.89,644.86,644.89,1082.0,644.8724,30
2025-08-29 16:46:00,644.89,644.89,644.89,644.89,636.0,644.8851,23
2025-08-29 16:47:00,644.88,644.88,644.87,644.87,3626.0,644.8711,64
2025-08-29 16:48:00,644.86,644.87,644.84,644.85,53461.0,644.8506,241
2025-08-29 16:49:00,644.85,644.9,644.85,644.9,50239.0,644.8662,195
2025-08-29 16:50:00,644.94,644.97,644.9102,644.96,8110.0,644.9597,80
2025-08-29 16:51:00,644.97,645.02,644.97,645.01,3048.0,645.0023,70
2025-08-29 16:52:00,645.0,645.0,644.97,644.98,4863.0,644.9903,72
2025-08-29 16:53:00,645.03,645.08,644.95,645.03,100214.0,644.9988,248
2025-08-29 16:54:00,645.03,645.07,644.95,645.06,75211.0,644.9964,309
2025-08-29 16:55:00,645.06,645.07,645.0,645.06,164206.0,645.0092,505
2025-08-29 16:56:00,645.0605,645.07,645.0,645.0,155419.0,645.0136,378
2025-08-29 16:57:00,645.0,645.01,644.95,645.0,163236.0,644.954,521
2025-08-29 16:58:00,644.99,645.0,644.96,644.96,9920.0,644.9764,59
2025-08-29 16:59:00,644.97,644.97,644.9,644.94,17931.0,644.908,79
2025-08-29 17:03:00,644.91,644.91,644.91,644.91,274.0,644.9138,11
2025-08-29 17:04:00,644.94,644.94,644.94,644.94,402.0,644.944,14
2025-08-29 17:05:00,644.94,644.97,644.94,644.97,8739.0,644.9425,27
2025-08-29 17:06:00,644.96,644.96,644.96,644.96,704.0,644.9661,11
2025-08-29 17:07:00,644.9892,644.99,644.98,644.9892,9469.0,644.9816,24
2025-08-29 17:09:00,644.99,645.0,644.99,645.0,3949.0,644.992,85
2025-08-29 17:10:00,645.01,645.04,645.0,645.04,3225.0,645.0217,36
2025-08-29 17:13:00,645.01,645.01,645.0,645.0,1133.0,645.0042,19
2025-08-29 17:14:00,644.99,645.0,644.99,645.0,1651.0,644.9968,17
2025-08-29 17:16:00,644.97,644.98,644.97,644.98,617.0,644.9724,20
2025-08-29 17:17:00,644.9818,644.9818,644.98,644.98,415.0,644.9813,12
2025-08-29 17:18:00,644.97,644.98,644.97,644.97,1774.0,644.973,15
2025-08-29 17:19:00,644.97,644.98,644.97,644.98,812.0,644.9751,17
2025-08-29 17:20:00,645.02,645.02,645.02,645.02,213.0,644.9988,14
2025-08-29 17:21:00,644.99,645.0,644.99,645.0,1618.0,644.9973,19
2025-08-29 17:22:00,645.0,645.02,645.0,645.02,2020.0,645.0036,27
2025-08-29 17:23:00,645.03,645.04,645.01,645.01,7740.0,645.0375,31
2025-08-29 17:24:00,645.01,645.03,645.01,645.03,3807.0,645.0166,35
2025-08-29 17:25:00,645.04,645.04,645.02,645.02,5238.0,645.0367,21
2025-08-29 17:26:00,645.01,645.03,645.01,645.03,2007.0,645.0239,14
2025-08-29 17:27:00,645.03,645.06,644.96,644.96,29086.0,645.0392,48
2025-08-29 17:28:00,644.9658,644.9658,644.9658,644.9658,149.0,644.9766,16
2025-08-29 17:29:00,645.05,645.1,645.0201,645.06,116695.0,645.0509,35
2025-08-29 17:30:00,645.03,645.03,644.99,645.0,2646.0,645.0053,42
2025-08-29 17:31:00,645.03,645.03,644.99,644.99,12021.0,644.9936,27
2025-08-29 17:32:00,645.0,645.0,645.0,645.0,897.0,645.004,20
2025-08-29 17:33:00,645.0,645.0,645.0,645.0,187.0,645.0213,17
2025-08-29 17:34:00,645.02,645.02,645.0,645.0,1502.0,645.0037,20
2025-08-29 17:35:00,645.04,645.04,645.04,645.04,631.0,645.0308,12
2025-08-29 17:36:00,644.96,644.96,644.96,644.96,3176.0,644.9622,19
2025-08-29 17:38:00,645.0,645.0,645.0,645.0,3382.0,645.0009,19
2025-08-29 17:39:00,645.06,645.06,645.05,645.05,793.0,645.0583,15
2025-08-29 17:40:00,645.07,645.2399,645.07,645.2399,2214.0,645.1483,13
2025-08-29 17:41:00,645.16,645.2,645.16,645.2,910.0,645.1675,33
2025-08-29 17:42:00,645.22,645.29,645.22,645.25,2423.0,645.2434,29
2025-08-29 17:43:00,645.27,645.3,645.26,645.28,2302.0,645.2882,51
2025-08-29 17:44:00,645.4,645.4,645.3401,645.4,6067.0,645.3561,39
2025-08-29 17:45:00,645.3502,645.37,645.35,645.35,1843.0,645.3561,30
2025-08-29 17:46:00,645.34,645.3499,645.32,645.32,2182.0,645.3363,32
2025-08-29 17:47:00,645.27,645.27,645.27,645.27,360.0,645.2705,15
2025-08-29 17:48:00,645.31,645.31,645.25,645.25,1068.0,645.2802,24
2025-08-29 17:49:00,645.3,645.34,645.3,645.34,2000.0,645.3222,47
2025-08-29 17:50:00,645.34,645.47,645.33,645.4699,2040.0,645.375,35
2025-08-29 17:51:00,645.47,645.4999,645.44,645.44,1412.0,645.4782,22
2025-08-29 17:52:00,645.45,645.45,645.41,645.41,1319.0,645.428,24
2025-08-29 17:53:00,645.4198,645.42,645.39,645.42,1967.0,645.4171,21
2025-08-29 17:54:00,645.41,645.41,645.39,645.39,1307.0,645.4044,24
2025-08-29 17:55:00,645.39,645.39,645.37,645.37,866.0,645.3815,13
2025-08-29 17:56:00,645.31,645.32,645.3,645.3,869.0,645.3107,14
2025-08-29 17:57:00,645.3114,645.34,645.3114,645.34,627.0,645.3316,17
2025-08-29 17:58:00,645.32,645.35,645.27,645.27,3851.0,645.334,30
2025-08-29 17:59:00,645.27,645.27,645.23,645.23,3496.0,645.2446,31
2025-08-29 18:00:00,645.25,645.25,645.25,645.25,1292.0,645.2505,10
2025-08-29 18:02:00,645.23,645.28,645.1988,645.1988,2026.0,645.2307,36
2025-08-29 18:03:00,645.14,645.14,645.0,645.0,1534.0,645.1198,18
2025-08-29 18:04:00,644.9,645.09,644.9,645.09,3142.0,645.0002,17
2025-08-29 18:05:00,645.09,645.2199,645.09,645.2199,809.0,645.165,18
2025-08-29 18:06:00,645.2,645.2,645.05,645.09,2042.0,645.157,23
2025-08-29 18:07:00,645.08,645.08,645.04,645.04,660.0,645.0747,20
2025-08-29 18:08:00,645.02,645.02,645.02,645.02,3078.0,645.0201,23
2025-08-29 18:09:00,644.93,644.94,644.93,644.94,617.0,644.9372,34
2025-08-29 18:10:00,644.85,644.9,644.85,644.9,1120.0,644.8881,26
2025-08-29 18:11:00,644.89,644.89,644.89,644.89,555.0,644.8883,17
2025-08-29 18:12:00,644.9499,644.9499,644.89,644.89,1283.0,644.9196,21
2025-08-29 18:13:00,644.89,644.93,644.89,644.93,458.0,644.9074,10
2025-08-29 18:14:00,644.89,644.89,644.89,644.89,197.0,644.8978,13
2025-08-29 18:15:00,644.91,644.91,644.87,644.87,1273.0,644.8752,20
2025-08-29 18:16:00,644.88,644.88,644.84,644.85,2156.0,644.8549,27
2025-08-29 18:19:00,644.94,644.94,644.94,644.94,686.0,644.9338,17
2025-08-29 18:20:00,644.96,644.9999,644.95,644.9999,1570.0,644.968,19
2025-08-29 18:21:00,644.99,645.0,644.98,645.0,2406.0,644.9908,16
2025-08-29 18:24:00,644.9,644.9,644.9,644.9,673.0,644.913,15
2025-08-29 18:28:00,645.02,645.04,645.02,645.04,470.0,645.0241,16
2025-08-29 18:29:00,645.0497,645.0497,645.0497,645.0497,279.0,645.0463,9
2025-08-29 18:31:00,644.97,644.97,644.97,644.97,1055.0,644.9734,10
2025-08-29 18:32:00,645.03,645.04,645.03,645.04,1003.0,645.0346,17
2025-08-29 18:33:00,645.04,645.04,645.04,645.04,443.0,645.0399,10
2025-08-29 18:34:00,645.03,645.04,645.011,645.04,1092.0,645.0239,15
2025-08-29 18:35:00,645.01,645.03,645.01,645.03,360.0,645.016,11
2025-08-29 18:36:00,645.0299,645.0299,645.0299,645.0299,235.0,645.0275,12
2025-08-29 18:37:00,645.03,645.03,645.03,645.03,550.0,645.026,13
2025-08-29 18:39:00,645.01,645.01,645.01,645.01,563.0,645.0119,9
2025-08-29 18:40:00,645.0,645.01,645.0,645.0,1494.0,645.0045,24
2025-08-29 18:43:00,645.01,645.01,645.01,645.01,211.0,645.0101,8
2025-08-29 18:44:00,645.01,645.02,645.01,645.02,1125.0,645.0189,10
2025-08-29 18:45:00,645.03,645.03,645.03,645.03,366.0,645.0292,7
2025-08-29 18:47:00,645.03,645.03,645.03,645.03,454.0,645.0313,11
2025-08-29 18:48:00,645.04,645.04,645.04,645.04,687.0,645.0349,12
2025-08-29 18:52:00,645.0,645.01,645.0,645.01,688.0,645.0042,12
2025-08-29 18:54:00,645.01,645.02,645.01,645.02,357.0,645.0128,7
2025-08-29 18:56:00,645.0,645.01,645.0,645.01,382.0,645.0048,12
2025-08-29 18:57:00,645.0018,645.0018,645.0018,645.0018,163.0,645.0022,6
2025-08-29 18:58:00,645.01,645.01,645.01,645.01,146.0,645.0112,11
2025-08-29 18:59:00,645.02,645.02,645.02,645.02,255.0,645.0143,17
2025-08-29 19:00:00,645.01,645.01,645.01,645.01,293.0,645.0081,19
2025-08-29 19:02:00,644.99,644.99,644.99,644.99,548.0,644.9919,9
2025-08-29 19:03:00,645.07,645.07,645.07,645.07,205.0,645.0688,5
2025-08-29 19:09:00,645.0699,645.0699,645.0699,645.0699,351.0,645.0613,5
2025-08-29 19:18:00,645.04,645.04,645.04,645.04,249.0,645.0391,8
2025-08-29 19:22:00,645.0,645.0,645.0,645.0,560.0,645.0004,7
2025-08-29 19:23:00,645.02,645.02,645.02,645.02,212.0,645.0193,10
2025-08-29 19:25:00,645.03,645.03,645.03,645.03,148.0,645.0241,10
2025-08-29 19:27:00,645.04,645.04,645.02,645.02,548.0,645.0303,10
2025-08-29 19:30:00,645.0,645.07,645.0,645.07,1287.0,645.0417,25
2025-08-29 19:32:00,645.06,645.06,645.06,645.06,274.0,645.0599,11
2025-08-29 19:36:00,645.03,645.03,645.02,645.02,1121.0,645.0185,25
2025-08-29 19:39:00,645.0,645.0,645.0,645.0,433.0,645.0022,15
2025-08-29 19:40:00,645.0,645.07,645.0,645.07,554.0,645.0196,14
2025-08-29 19:41:00,645.0,645.0001,645.0,645.0001,1063.0,645.0004,11
2025-08-29 19:42:00,644.9937,644.9937,644.9937,644.9937,178.0,644.9845,17
2025-08-29 19:43:00,644.9306,644.9306,644.93,644.93,2622.0,644.9324,12
2025-08-29 19:44:00,645.0,645.0,645.0,645.0,320.0,644.9957,8
2025-08-29 19:50:00,644.9509,644.9509,644.9509,644.9509,431.0,644.9672,12
2025-08-29 19:51:00,644.95,644.9501,644.94,644.94,1178.0,644.9456,18
2025-08-29 19:52:00,644.94,644.94,644.91,644.94,1100.0,644.9376,18
2025-08-29 19:53:00,644.94,644.95,644.94,644.95,2130.0,644.9458,11
2025-08-29 19:54:00,644.93,644.93,644.91,644.91,822.0,644.9226,15
2025-08-29 19:55:00,644.93,644.93,644.93,644.93,542.0,644.9296,8
2025-08-29 19:56:00,644.93,644.95,644.93,644.95,340.0,644.9378,11
2025-08-29 19:57:00,644.95,644.95,644.92,644.95,956.0,644.9327,17
2025-08-29 19:58:00,644.94,644.94,644.94,644.94,376.0,644.9397,8
2025-08-29 19:59:00,644.95,645.03,644.95,644.95,11798.0,644.955,25
